[{"model": "admin.logentry", "pk": 1, "fields": {"action_time": "2023-05-13T14:13:15.901Z", "user": 1, "content_type": 9, "object_id": "1", "object_repr": "City object (1)", "action_flag": 1, "change_message": "[{\"added\": {}}]"}}, {"model": "admin.logentry", "pk": 2, "fields": {"action_time": "2023-05-13T14:16:28.242Z", "user": 1, "content_type": 8, "object_id": "1", "object_repr": "ID: 1 Category: Money and Banking", "action_flag": 1, "change_message": "[{\"added\": {}}]"}}, {"model": "admin.logentry", "pk": 3, "fields": {"action_time": "2023-05-13T14:16:57.697Z", "user": 1, "content_type": 10, "object_id": "1", "object_repr": "ID: 1 Name: Money and Banking", "action_flag": 1, "change_message": "[{\"added\": {}}]"}}, {"model": "admin.logentry", "pk": 4, "fields": {"action_time": "2023-05-13T21:34:08.044Z", "user": 1, "content_type": 10, "object_id": "1", "object_repr": "ID: 1 Name: Money and Banking title", "action_flag": 2, "change_message": "[{\"changed\": {\"fields\": [\"Title\"]}}]"}}, {"model": "admin.logentry", "pk": 5, "fields": {"action_time": "2023-05-13T22:34:42.620Z", "user": 1, "content_type": 9, "object_id": "2", "object_repr": "ID: 2 Name: Luzern", "action_flag": 1, "change_message": "[{\"added\": {}}]"}}, {"model": "admin.logentry", "pk": 6, "fields": {"action_time": "2023-05-13T22:42:41.663Z", "user": 1, "content_type": 8, "object_id": "2", "object_repr": "ID: 2 Category: permit", "action_flag": 1, "change_message": "[{\"added\": {}}]"}}, {"model": "admin.logentry", "pk": 7, "fields": {"action_time": "2023-05-14T21:14:06.557Z", "user": 1, "content_type": 8, "object_id": "3", "object_repr": "ID: 3 Category: job", "action_flag": 1, "change_message": "[{\"added\": {}}]"}}, {"model": "admin.logentry", "pk": 8, "fields": {"action_time": "2023-05-14T21:36:23.939Z", "user": 1, "content_type": 10, "object_id": "2", "object_repr": "ID: 2 Name: sassy", "action_flag": 1, "change_message": "[{\"added\": {}}]"}}, {"model": "admin.logentry", "pk": 9, "fields": {"action_time": "2023-05-14T21:36:35.593Z", "user": 1, "content_type": 10, "object_id": "3", "object_repr": "ID: 3 Name: asdfasd", "action_flag": 1, "change_message": "[{\"added\": {}}]"}}, {"model": "admin.logentry", "pk": 10, "fields": {"action_time": "2023-05-14T21:38:27.224Z", "user": 1, "content_type": 10, "object_id": "3", "object_repr": "ID: 3 Name: open bank account", "action_flag": 2, "change_message": "[{\"changed\": {\"fields\": [\"Title\"]}}]"}}, {"model": "admin.logentry", "pk": 11, "fields": {"action_time": "2023-05-14T21:51:15.557Z", "user": 1, "content_type": 8, "object_id": "2", "object_repr": "ID: 2 Category: Permit", "action_flag": 2, "change_message": "[{\"changed\": {\"fields\": [\"Name\"]}}]"}}, {"model": "admin.logentry", "pk": 12, "fields": {"action_time": "2023-05-15T21:46:58.853Z", "user": 1, "content_type": 9, "object_id": "1", "object_repr": "ID: 1 Name: Zurich", "action_flag": 2, "change_message": "[{\"changed\": {\"fields\": [\"Image\"]}}]"}}, {"model": "admin.logentry", "pk": 13, "fields": {"action_time": "2023-05-15T21:47:22.502Z", "user": 1, "content_type": 9, "object_id": "1", "object_repr": "ID: 1 Name: Zurich", "action_flag": 3, "change_message": ""}}, {"model": "admin.logentry", "pk": 14, "fields": {"action_time": "2023-05-15T21:48:41.156Z", "user": 1, "content_type": 9, "object_id": "3", "object_repr": "ID: 3 Name: Zurich", "action_flag": 1, "change_message": "[{\"added\": {}}]"}}, {"model": "admin.logentry", "pk": 15, "fields": {"action_time": "2023-05-15T21:48:45.707Z", "user": 1, "content_type": 9, "object_id": "3", "object_repr": "ID: 3 Name: Zurich", "action_flag": 2, "change_message": "[]"}}, {"model": "admin.logentry", "pk": 16, "fields": {"action_time": "2023-05-15T21:48:57.436Z", "user": 1, "content_type": 9, "object_id": "4", "object_repr": "ID: 4 Name: Aargau", "action_flag": 1, "change_message": "[{\"added\": {}}]"}}, {"model": "admin.logentry", "pk": 17, "fields": {"action_time": "2023-05-15T21:49:03.473Z", "user": 1, "content_type": 9, "object_id": "5", "object_repr": "ID: 5 Name: Appenzell Ausserrhoden", "action_flag": 1, "change_message": "[{\"added\": {}}]"}}, {"model": "admin.logentry", "pk": 18, "fields": {"action_time": "2023-05-15T21:49:10.206Z", "user": 1, "content_type": 9, "object_id": "6", "object_repr": "ID: 6 Name: Appenzell Innerrhoden", "action_flag": 1, "change_message": "[{\"added\": {}}]"}}, {"model": "admin.logentry", "pk": 19, "fields": {"action_time": "2023-05-15T21:49:17.663Z", "user": 1, "content_type": 9, "object_id": "7", "object_repr": "ID: 7 Name: Basel-Landschaft", "action_flag": 1, "change_message": "[{\"added\": {}}]"}}, {"model": "admin.logentry", "pk": 20, "fields": {"action_time": "2023-05-15T21:49:24.114Z", "user": 1, "content_type": 9, "object_id": "8", "object_repr": "ID: 8 Name: Basel-Stadt", "action_flag": 1, "change_message": "[{\"added\": {}}]"}}, {"model": "admin.logentry", "pk": 21, "fields": {"action_time": "2023-05-15T21:49:29.803Z", "user": 1, "content_type": 9, "object_id": "9", "object_repr": "ID: 9 Name: Bern/Berne", "action_flag": 1, "change_message": "[{\"added\": {}}]"}}, {"model": "admin.logentry", "pk": 22, "fields": {"action_time": "2023-05-15T21:49:36.501Z", "user": 1, "content_type": 9, "object_id": "9", "object_repr": "ID: 9 Name: Bern", "action_flag": 2, "change_message": "[{\"changed\": {\"fields\": [\"Name\"]}}]"}}, {"model": "admin.logentry", "pk": 23, "fields": {"action_time": "2023-05-15T21:49:43.563Z", "user": 1, "content_type": 9, "object_id": "10", "object_repr": "ID: 10 Name: Glarus", "action_flag": 1, "change_message": "[{\"added\": {}}]"}}, {"model": "admin.logentry", "pk": 24, "fields": {"action_time": "2023-05-15T21:49:50.614Z", "user": 1, "content_type": 9, "object_id": "11", "object_repr": "ID: 11 Name: Graubünden", "action_flag": 1, "change_message": "[{\"added\": {}}]"}}, {"model": "admin.logentry", "pk": 25, "fields": {"action_time": "2023-05-15T21:49:57.068Z", "user": 1, "content_type": 9, "object_id": "12", "object_repr": "ID: 12 Name: Luzern", "action_flag": 1, "change_message": "[{\"added\": {}}]"}}, {"model": "admin.logentry", "pk": 26, "fields": {"action_time": "2023-05-15T21:50:33.302Z", "user": 1, "content_type": 9, "object_id": "2", "object_repr": "ID: 2 Name: Luzern", "action_flag": 3, "change_message": ""}}, {"model": "admin.logentry", "pk": 27, "fields": {"action_time": "2023-05-15T21:50:51.391Z", "user": 1, "content_type": 9, "object_id": "13", "object_repr": "ID: 13 Name: Luzern", "action_flag": 1, "change_message": "[{\"added\": {}}]"}}, {"model": "admin.logentry", "pk": 28, "fields": {"action_time": "2023-05-15T21:50:57.362Z", "user": 1, "content_type": 9, "object_id": "13", "object_repr": "ID: 13 Name: Luzern", "action_flag": 3, "change_message": ""}}, {"model": "admin.logentry", "pk": 29, "fields": {"action_time": "2023-05-15T21:51:04.075Z", "user": 1, "content_type": 9, "object_id": "14", "object_repr": "ID: 14 Name: Nidwalden", "action_flag": 1, "change_message": "[{\"added\": {}}]"}}, {"model": "admin.logentry", "pk": 30, "fields": {"action_time": "2023-05-15T21:51:09.830Z", "user": 1, "content_type": 9, "object_id": "15", "object_repr": "ID: 15 Name: Obwalden", "action_flag": 1, "change_message": "[{\"added\": {}}]"}}, {"model": "admin.logentry", "pk": 31, "fields": {"action_time": "2023-05-15T21:51:15.019Z", "user": 1, "content_type": 9, "object_id": "16", "object_repr": "ID: 16 Name: Schaffhausen", "action_flag": 1, "change_message": "[{\"added\": {}}]"}}, {"model": "admin.logentry", "pk": 32, "fields": {"action_time": "2023-05-15T21:51:23.225Z", "user": 1, "content_type": 9, "object_id": "17", "object_repr": "ID: 17 Name: Schwyz", "action_flag": 1, "change_message": "[{\"added\": {}}]"}}, {"model": "admin.logentry", "pk": 33, "fields": {"action_time": "2023-05-15T21:51:28.672Z", "user": 1, "content_type": 9, "object_id": "18", "object_repr": "ID: 18 Name: Solothurn", "action_flag": 1, "change_message": "[{\"added\": {}}]"}}, {"model": "admin.logentry", "pk": 34, "fields": {"action_time": "2023-05-15T21:51:34.670Z", "user": 1, "content_type": 9, "object_id": "19", "object_repr": "ID: 19 Name: St. Gallen", "action_flag": 1, "change_message": "[{\"added\": {}}]"}}, {"model": "admin.logentry", "pk": 35, "fields": {"action_time": "2023-05-15T21:51:40.186Z", "user": 1, "content_type": 9, "object_id": "20", "object_repr": "ID: 20 Name: Thurgau", "action_flag": 1, "change_message": "[{\"added\": {}}]"}}, {"model": "admin.logentry", "pk": 36, "fields": {"action_time": "2023-05-15T21:51:46.213Z", "user": 1, "content_type": 9, "object_id": "21", "object_repr": "ID: 21 Name: Uri", "action_flag": 1, "change_message": "[{\"added\": {}}]"}}, {"model": "admin.logentry", "pk": 37, "fields": {"action_time": "2023-05-15T21:51:51.676Z", "user": 1, "content_type": 9, "object_id": "22", "object_repr": "ID: 22 Name: Zug", "action_flag": 1, "change_message": "[{\"added\": {}}]"}}, {"model": "admin.logentry", "pk": 38, "fields": {"action_time": "2023-05-15T21:52:45.163Z", "user": 1, "content_type": 8, "object_id": "4", "object_repr": "ID: 4 Category: Legal System & Immigration", "action_flag": 1, "change_message": "[{\"added\": {}}]"}}, {"model": "admin.logentry", "pk": 39, "fields": {"action_time": "2023-05-15T21:53:23.526Z", "user": 1, "content_type": 8, "object_id": "4", "object_repr": "ID: 4 Category: Legal System & Immigration for: ID: 3 Name: Zurich", "action_flag": 3, "change_message": ""}}, {"model": "admin.logentry", "pk": 40, "fields": {"action_time": "2023-05-15T21:53:45.572Z", "user": 1, "content_type": 8, "object_id": "5", "object_repr": "ID: 5 Category: Legal System & Immigration for: ID: 3 Name: Zurich", "action_flag": 1, "change_message": "[{\"added\": {}}]"}}, {"model": "admin.logentry", "pk": 41, "fields": {"action_time": "2023-05-15T21:54:12.359Z", "user": 1, "content_type": 8, "object_id": "5", "object_repr": "ID: 5 Category: Legal System & Immigration --- ID: 3 Name: Zurich", "action_flag": 3, "change_message": ""}}, {"model": "admin.logentry", "pk": 42, "fields": {"action_time": "2023-05-15T21:54:32.443Z", "user": 1, "content_type": 8, "object_id": "6", "object_repr": "ID: 6 Category: Legal System & Immigration --- ID: 3 Name: Zurich", "action_flag": 1, "change_message": "[{\"added\": {}}]"}}, {"model": "admin.logentry", "pk": 43, "fields": {"action_time": "2023-05-15T21:54:55.132Z", "user": 1, "content_type": 8, "object_id": "7", "object_repr": "ID: 7 Category: Residence Permit --- ID: 3 Name: Zurich", "action_flag": 1, "change_message": "[{\"added\": {}}]"}}, {"model": "admin.logentry", "pk": 44, "fields": {"action_time": "2023-05-15T21:55:13.293Z", "user": 1, "content_type": 8, "object_id": "8", "object_repr": "ID: 8 Category: Money & Banking --- ID: 3 Name: Zurich", "action_flag": 1, "change_message": "[{\"added\": {}}]"}}, {"model": "admin.logentry", "pk": 45, "fields": {"action_time": "2023-05-15T21:55:29.388Z", "user": 1, "content_type": 8, "object_id": "9", "object_repr": "ID: 9 Category: Healthcare & insurance --- ID: 3 Name: Zurich", "action_flag": 1, "change_message": "[{\"added\": {}}]"}}, {"model": "admin.logentry", "pk": 46, "fields": {"action_time": "2023-05-15T21:55:37.707Z", "user": 1, "content_type": 8, "object_id": "10", "object_repr": "ID: 10 Category: Employment --- ID: 3 Name: Zurich", "action_flag": 1, "change_message": "[{\"added\": {}}]"}}, {"model": "admin.logentry", "pk": 47, "fields": {"action_time": "2023-05-15T21:56:11.427Z", "user": 1, "content_type": 8, "object_id": "11", "object_repr": "ID: 11 Category: Housing --- ID: 3 Name: Zurich", "action_flag": 1, "change_message": "[{\"added\": {}}]"}}, {"model": "admin.logentry", "pk": 48, "fields": {"action_time": "2023-05-15T22:00:07.558Z", "user": 1, "content_type": 8, "object_id": "11", "object_repr": "ID: 11 Category: Housing --- ID: 3 Name: Zurich", "action_flag": 2, "change_message": "[{\"changed\": {\"fields\": [\"Description\"]}}]"}}, {"model": "admin.logentry", "pk": 49, "fields": {"action_time": "2023-05-15T22:00:18.531Z", "user": 1, "content_type": 8, "object_id": "6", "object_repr": "ID: 6 Category: Legal System & Immigration --- ID: 3 Name: Zurich", "action_flag": 2, "change_message": "[{\"changed\": {\"fields\": [\"Description\"]}}]"}}, {"model": "admin.logentry", "pk": 50, "fields": {"action_time": "2023-05-15T22:00:44.602Z", "user": 1, "content_type": 8, "object_id": "7", "object_repr": "ID: 7 Category: Residence Permit --- ID: 3 Name: Zurich", "action_flag": 2, "change_message": "[{\"changed\": {\"fields\": [\"Description\"]}}]"}}, {"model": "admin.logentry", "pk": 51, "fields": {"action_time": "2023-05-15T22:01:16.301Z", "user": 1, "content_type": 8, "object_id": "8", "object_repr": "ID: 8 Category: Money & Banking --- ID: 3 Name: Zurich", "action_flag": 2, "change_message": "[{\"changed\": {\"fields\": [\"Description\"]}}]"}}, {"model": "admin.logentry", "pk": 52, "fields": {"action_time": "2023-05-15T22:01:43.887Z", "user": 1, "content_type": 8, "object_id": "9", "object_repr": "ID: 9 Category: Healthcare & insurance --- ID: 3 Name: Zurich", "action_flag": 2, "change_message": "[{\"changed\": {\"fields\": [\"Description\"]}}]"}}, {"model": "admin.logentry", "pk": 53, "fields": {"action_time": "2023-05-15T22:02:16.633Z", "user": 1, "content_type": 8, "object_id": "10", "object_repr": "ID: 10 Category: Employment --- ID: 3 Name: Zurich", "action_flag": 2, "change_message": "[{\"changed\": {\"fields\": [\"Description\"]}}]"}}, {"model": "admin.logentry", "pk": 54, "fields": {"action_time": "2023-05-15T22:02:47.755Z", "user": 1, "content_type": 8, "object_id": "11", "object_repr": "ID: 11 Category: Housing --- ID: 3 Name: Zurich", "action_flag": 2, "change_message": "[{\"changed\": {\"fields\": [\"Description\"]}}]"}}, {"model": "admin.logentry", "pk": 55, "fields": {"action_time": "2023-05-15T22:03:15.553Z", "user": 1, "content_type": 8, "object_id": "12", "object_repr": "ID: 12 Category: Legal System & Immigration --- ID: 4 Name: Aargau", "action_flag": 1, "change_message": "[{\"added\": {}}]"}}, {"model": "admin.logentry", "pk": 56, "fields": {"action_time": "2023-05-15T22:03:31.188Z", "user": 1, "content_type": 8, "object_id": "13", "object_repr": "ID: 13 Category: Residence Permit --- ID: 4 Name: Aargau", "action_flag": 1, "change_message": "[{\"added\": {}}]"}}, {"model": "admin.logentry", "pk": 57, "fields": {"action_time": "2023-05-15T22:03:52.064Z", "user": 1, "content_type": 8, "object_id": "14", "object_repr": "ID: 14 Category: Money & Banking --- ID: 4 Name: Aargau", "action_flag": 1, "change_message": "[{\"added\": {}}]"}}, {"model": "admin.logentry", "pk": 58, "fields": {"action_time": "2023-05-15T22:04:03.672Z", "user": 1, "content_type": 8, "object_id": "15", "object_repr": "ID: 15 Category: Healthcare & Insurance --- ID: 4 Name: Aargau", "action_flag": 1, "change_message": "[{\"added\": {}}]"}}, {"model": "admin.logentry", "pk": 59, "fields": {"action_time": "2023-05-15T22:04:16.652Z", "user": 1, "content_type": 8, "object_id": "16", "object_repr": "ID: 16 Category: Employment --- ID: 4 Name: Aargau", "action_flag": 1, "change_message": "[{\"added\": {}}]"}}, {"model": "admin.logentry", "pk": 60, "fields": {"action_time": "2023-05-15T22:04:31.553Z", "user": 1, "content_type": 8, "object_id": "17", "object_repr": "ID: 17 Category: Housing --- ID: 4 Name: Aargau", "action_flag": 1, "change_message": "[{\"added\": {}}]"}}, {"model": "admin.logentry", "pk": 61, "fields": {"action_time": "2023-05-15T22:04:50.341Z", "user": 1, "content_type": 8, "object_id": "18", "object_repr": "ID: 18 Category: Legal System & Immigration --- ID: 5 Name: Appenzell Ausserrhoden", "action_flag": 1, "change_message": "[{\"added\": {}}]"}}, {"model": "admin.logentry", "pk": 62, "fields": {"action_time": "2023-05-15T22:05:04.681Z", "user": 1, "content_type": 8, "object_id": "19", "object_repr": "ID: 19 Category: Residence Permit --- ID: 5 Name: Appenzell Ausserrhoden", "action_flag": 1, "change_message": "[{\"added\": {}}]"}}, {"model": "admin.logentry", "pk": 63, "fields": {"action_time": "2023-05-15T22:05:18.367Z", "user": 1, "content_type": 8, "object_id": "20", "object_repr": "ID: 20 Category: Money & Banking --- ID: 5 Name: Appenzell Ausserrhoden", "action_flag": 1, "change_message": "[{\"added\": {}}]"}}, {"model": "admin.logentry", "pk": 64, "fields": {"action_time": "2023-05-15T22:05:55.112Z", "user": 1, "content_type": 8, "object_id": "21", "object_repr": "ID: 21 Category: Healthcare & Insurance --- ID: 5 Name: Appenzell Ausserrhoden", "action_flag": 1, "change_message": "[{\"added\": {}}]"}}, {"model": "admin.logentry", "pk": 65, "fields": {"action_time": "2023-05-15T22:06:10.983Z", "user": 1, "content_type": 8, "object_id": "22", "object_repr": "ID: 22 Category: Employment --- ID: 5 Name: Appenzell Ausserrhoden", "action_flag": 1, "change_message": "[{\"added\": {}}]"}}, {"model": "admin.logentry", "pk": 66, "fields": {"action_time": "2023-05-15T22:06:23.302Z", "user": 1, "content_type": 8, "object_id": "23", "object_repr": "ID: 23 Category: Housing --- ID: 5 Name: Appenzell Ausserrhoden", "action_flag": 1, "change_message": "[{\"added\": {}}]"}}, {"model": "admin.logentry", "pk": 67, "fields": {"action_time": "2023-05-15T22:06:44.371Z", "user": 1, "content_type": 8, "object_id": "24", "object_repr": "ID: 24 Category: Legal System & Immigration --- ID: 6 Name: Appenzell Innerrhoden", "action_flag": 1, "change_message": "[{\"added\": {}}]"}}, {"model": "admin.logentry", "pk": 68, "fields": {"action_time": "2023-05-15T22:06:57.877Z", "user": 1, "content_type": 8, "object_id": "25", "object_repr": "ID: 25 Category: Residence Permit --- ID: 6 Name: Appenzell Innerrhoden", "action_flag": 1, "change_message": "[{\"added\": {}}]"}}, {"model": "admin.logentry", "pk": 69, "fields": {"action_time": "2023-05-15T22:07:15.886Z", "user": 1, "content_type": 8, "object_id": "26", "object_repr": "ID: 26 Category: Money & Banking --- ID: 6 Name: Appenzell Innerrhoden", "action_flag": 1, "change_message": "[{\"added\": {}}]"}}, {"model": "admin.logentry", "pk": 70, "fields": {"action_time": "2023-05-15T22:07:32.497Z", "user": 1, "content_type": 8, "object_id": "27", "object_repr": "ID: 27 Category: Healthcare & Insurance --- ID: 6 Name: Appenzell Innerrhoden", "action_flag": 1, "change_message": "[{\"added\": {}}]"}}, {"model": "admin.logentry", "pk": 71, "fields": {"action_time": "2023-05-15T22:07:45.973Z", "user": 1, "content_type": 8, "object_id": "28", "object_repr": "ID: 28 Category: Employment --- ID: 6 Name: Appenzell Innerrhoden", "action_flag": 1, "change_message": "[{\"added\": {}}]"}}, {"model": "admin.logentry", "pk": 72, "fields": {"action_time": "2023-05-15T22:08:03.077Z", "user": 1, "content_type": 8, "object_id": "29", "object_repr": "ID: 29 Category: Housing --- ID: 6 Name: Appenzell Innerrhoden", "action_flag": 1, "change_message": "[{\"added\": {}}]"}}, {"model": "admin.logentry", "pk": 73, "fields": {"action_time": "2023-05-15T22:10:49.098Z", "user": 1, "content_type": 8, "object_id": "30", "object_repr": "ID: 30 Category: Legal System & Immigration --- ID: 7 Name: Basel-Landschaft", "action_flag": 1, "change_message": "[{\"added\": {}}]"}}, {"model": "admin.logentry", "pk": 74, "fields": {"action_time": "2023-05-15T22:11:04.049Z", "user": 1, "content_type": 8, "object_id": "31", "object_repr": "ID: 31 Category: Residence Permit --- ID: 7 Name: Basel-Landschaft", "action_flag": 1, "change_message": "[{\"added\": {}}]"}}, {"model": "admin.logentry", "pk": 75, "fields": {"action_time": "2023-05-15T22:11:17.851Z", "user": 1, "content_type": 8, "object_id": "32", "object_repr": "ID: 32 Category: Money & Banking --- ID: 7 Name: Basel-Landschaft", "action_flag": 1, "change_message": "[{\"added\": {}}]"}}, {"model": "admin.logentry", "pk": 76, "fields": {"action_time": "2023-05-15T22:11:34.453Z", "user": 1, "content_type": 8, "object_id": "33", "object_repr": "ID: 33 Category: Healthcare & Insurance --- ID: 7 Name: Basel-Landschaft", "action_flag": 1, "change_message": "[{\"added\": {}}]"}}, {"model": "admin.logentry", "pk": 77, "fields": {"action_time": "2023-05-15T22:11:50.059Z", "user": 1, "content_type": 8, "object_id": "34", "object_repr": "ID: 34 Category: Employment --- ID: 7 Name: Basel-Landschaft", "action_flag": 1, "change_message": "[{\"added\": {}}]"}}, {"model": "admin.logentry", "pk": 78, "fields": {"action_time": "2023-05-15T22:12:05.711Z", "user": 1, "content_type": 8, "object_id": "35", "object_repr": "ID: 35 Category: Housing --- ID: 7 Name: Basel-Landschaft", "action_flag": 1, "change_message": "[{\"added\": {}}]"}}, {"model": "admin.logentry", "pk": 79, "fields": {"action_time": "2023-05-15T22:12:21.519Z", "user": 1, "content_type": 8, "object_id": "36", "object_repr": "ID: 36 Category: Legal System & Immigration --- ID: 8 Name: Basel-Stadt", "action_flag": 1, "change_message": "[{\"added\": {}}]"}}, {"model": "admin.logentry", "pk": 80, "fields": {"action_time": "2023-05-15T22:12:35.546Z", "user": 1, "content_type": 8, "object_id": "37", "object_repr": "ID: 37 Category: Residence Permit --- ID: 8 Name: Basel-Stadt", "action_flag": 1, "change_message": "[{\"added\": {}}]"}}, {"model": "admin.logentry", "pk": 81, "fields": {"action_time": "2023-05-15T22:12:55.959Z", "user": 1, "content_type": 8, "object_id": "38", "object_repr": "ID: 38 Category: Money & Banking --- ID: 8 Name: Basel-Stadt", "action_flag": 1, "change_message": "[{\"added\": {}}]"}}, {"model": "admin.logentry", "pk": 82, "fields": {"action_time": "2023-05-15T22:13:10.225Z", "user": 1, "content_type": 8, "object_id": "39", "object_repr": "ID: 39 Category: Healthcare & Insurance --- ID: 8 Name: Basel-Stadt", "action_flag": 1, "change_message": "[{\"added\": {}}]"}}, {"model": "admin.logentry", "pk": 83, "fields": {"action_time": "2023-05-15T22:13:21.649Z", "user": 1, "content_type": 8, "object_id": "40", "object_repr": "ID: 40 Category: Employment --- ID: 8 Name: Basel-Stadt", "action_flag": 1, "change_message": "[{\"added\": {}}]"}}, {"model": "admin.logentry", "pk": 84, "fields": {"action_time": "2023-05-15T22:13:32.210Z", "user": 1, "content_type": 8, "object_id": "41", "object_repr": "ID: 41 Category: Housing --- ID: 8 Name: Basel-Stadt", "action_flag": 1, "change_message": "[{\"added\": {}}]"}}, {"model": "admin.logentry", "pk": 85, "fields": {"action_time": "2023-05-15T22:14:23.222Z", "user": 1, "content_type": 8, "object_id": "42", "object_repr": "ID: 42 Category: Legal System & Immigration --- ID: 9 Name: Bern", "action_flag": 1, "change_message": "[{\"added\": {}}]"}}, {"model": "admin.logentry", "pk": 86, "fields": {"action_time": "2023-05-15T22:14:35.028Z", "user": 1, "content_type": 8, "object_id": "43", "object_repr": "ID: 43 Category: Residence Permit --- ID: 9 Name: Bern", "action_flag": 1, "change_message": "[{\"added\": {}}]"}}, {"model": "admin.logentry", "pk": 87, "fields": {"action_time": "2023-05-15T22:14:48.930Z", "user": 1, "content_type": 8, "object_id": "44", "object_repr": "ID: 44 Category: Money & Banking --- ID: 9 Name: Bern", "action_flag": 1, "change_message": "[{\"added\": {}}]"}}, {"model": "admin.logentry", "pk": 88, "fields": {"action_time": "2023-05-15T22:15:02.437Z", "user": 1, "content_type": 8, "object_id": "45", "object_repr": "ID: 45 Category: Healthcare & Insurance --- ID: 9 Name: Bern", "action_flag": 1, "change_message": "[{\"added\": {}}]"}}, {"model": "admin.logentry", "pk": 89, "fields": {"action_time": "2023-05-15T22:15:18.074Z", "user": 1, "content_type": 8, "object_id": "46", "object_repr": "ID: 46 Category: Employment --- ID: 9 Name: Bern", "action_flag": 1, "change_message": "[{\"added\": {}}]"}}, {"model": "admin.logentry", "pk": 90, "fields": {"action_time": "2023-05-15T22:15:31.169Z", "user": 1, "content_type": 8, "object_id": "47", "object_repr": "ID: 47 Category: Housing --- ID: 9 Name: Bern", "action_flag": 1, "change_message": "[{\"added\": {}}]"}}, {"model": "admin.logentry", "pk": 91, "fields": {"action_time": "2023-05-15T22:17:00.011Z", "user": 1, "content_type": 8, "object_id": "48", "object_repr": "ID: 48 Category: Legal System & Immigration --- ID: 10 Name: Glarus", "action_flag": 1, "change_message": "[{\"added\": {}}]"}}, {"model": "admin.logentry", "pk": 92, "fields": {"action_time": "2023-05-15T22:17:10.540Z", "user": 1, "content_type": 8, "object_id": "49", "object_repr": "ID: 49 Category: Residence Permit --- ID: 10 Name: Glarus", "action_flag": 1, "change_message": "[{\"added\": {}}]"}}, {"model": "admin.logentry", "pk": 93, "fields": {"action_time": "2023-05-15T22:17:23.181Z", "user": 1, "content_type": 8, "object_id": "50", "object_repr": "ID: 50 Category: Money & Banking --- ID: 10 Name: Glarus", "action_flag": 1, "change_message": "[{\"added\": {}}]"}}, {"model": "admin.logentry", "pk": 94, "fields": {"action_time": "2023-05-15T22:17:34.876Z", "user": 1, "content_type": 8, "object_id": "51", "object_repr": "ID: 51 Category: Healthcare & Insurance --- ID: 10 Name: Glarus", "action_flag": 1, "change_message": "[{\"added\": {}}]"}}, {"model": "admin.logentry", "pk": 95, "fields": {"action_time": "2023-05-15T22:17:49.723Z", "user": 1, "content_type": 8, "object_id": "52", "object_repr": "ID: 52 Category: Employment --- ID: 10 Name: Glarus", "action_flag": 1, "change_message": "[{\"added\": {}}]"}}, {"model": "admin.logentry", "pk": 96, "fields": {"action_time": "2023-05-15T22:18:01.299Z", "user": 1, "content_type": 8, "object_id": "53", "object_repr": "ID: 53 Category: Housing --- ID: 10 Name: Glarus", "action_flag": 1, "change_message": "[{\"added\": {}}]"}}, {"model": "admin.logentry", "pk": 97, "fields": {"action_time": "2023-05-15T22:18:13.206Z", "user": 1, "content_type": 8, "object_id": "54", "object_repr": "ID: 54 Category: Legal System & Immigration --- ID: 11 Name: Graubünden", "action_flag": 1, "change_message": "[{\"added\": {}}]"}}, {"model": "admin.logentry", "pk": 98, "fields": {"action_time": "2023-05-15T22:18:24.489Z", "user": 1, "content_type": 8, "object_id": "55", "object_repr": "ID: 55 Category: Residence Permit --- ID: 11 Name: Graubünden", "action_flag": 1, "change_message": "[{\"added\": {}}]"}}, {"model": "admin.logentry", "pk": 99, "fields": {"action_time": "2023-05-15T22:18:34.952Z", "user": 1, "content_type": 8, "object_id": "56", "object_repr": "ID: 56 Category: Money & Banking --- ID: 11 Name: Graubünden", "action_flag": 1, "change_message": "[{\"added\": {}}]"}}, {"model": "admin.logentry", "pk": 100, "fields": {"action_time": "2023-05-15T22:18:46.986Z", "user": 1, "content_type": 8, "object_id": "57", "object_repr": "ID: 57 Category: Healthcare & Insurance --- ID: 11 Name: Graubünden", "action_flag": 1, "change_message": "[{\"added\": {}}]"}}, {"model": "admin.logentry", "pk": 101, "fields": {"action_time": "2023-05-15T22:18:57.665Z", "user": 1, "content_type": 8, "object_id": "58", "object_repr": "ID: 58 Category: Employment --- ID: 11 Name: Graubünden", "action_flag": 1, "change_message": "[{\"added\": {}}]"}}, {"model": "admin.logentry", "pk": 102, "fields": {"action_time": "2023-05-15T22:19:07.465Z", "user": 1, "content_type": 8, "object_id": "59", "object_repr": "ID: 59 Category: Housing --- ID: 11 Name: Graubünden", "action_flag": 1, "change_message": "[{\"added\": {}}]"}}, {"model": "admin.logentry", "pk": 103, "fields": {"action_time": "2023-05-15T22:19:18.613Z", "user": 1, "content_type": 8, "object_id": "60", "object_repr": "ID: 60 Category: Legal System & Immigration --- ID: 12 Name: Luzern", "action_flag": 1, "change_message": "[{\"added\": {}}]"}}, {"model": "admin.logentry", "pk": 104, "fields": {"action_time": "2023-05-15T22:19:33.708Z", "user": 1, "content_type": 8, "object_id": "61", "object_repr": "ID: 61 Category: Residence Permit --- ID: 12 Name: Luzern", "action_flag": 1, "change_message": "[{\"added\": {}}]"}}, {"model": "admin.logentry", "pk": 105, "fields": {"action_time": "2023-05-15T22:19:44.132Z", "user": 1, "content_type": 8, "object_id": "62", "object_repr": "ID: 62 Category: Money & Banking --- ID: 12 Name: Luzern", "action_flag": 1, "change_message": "[{\"added\": {}}]"}}, {"model": "admin.logentry", "pk": 106, "fields": {"action_time": "2023-05-15T22:19:54.635Z", "user": 1, "content_type": 8, "object_id": "63", "object_repr": "ID: 63 Category: Healthcare & Insurance --- ID: 12 Name: Luzern", "action_flag": 1, "change_message": "[{\"added\": {}}]"}}, {"model": "admin.logentry", "pk": 107, "fields": {"action_time": "2023-05-15T22:20:04.520Z", "user": 1, "content_type": 8, "object_id": "64", "object_repr": "ID: 64 Category: Employment --- ID: 12 Name: Luzern", "action_flag": 1, "change_message": "[{\"added\": {}}]"}}, {"model": "admin.logentry", "pk": 108, "fields": {"action_time": "2023-05-15T22:20:14.847Z", "user": 1, "content_type": 8, "object_id": "65", "object_repr": "ID: 65 Category: Housing --- ID: 12 Name: Luzern", "action_flag": 1, "change_message": "[{\"added\": {}}]"}}, {"model": "admin.logentry", "pk": 109, "fields": {"action_time": "2023-05-15T22:20:29.544Z", "user": 1, "content_type": 8, "object_id": "66", "object_repr": "ID: 66 Category: Legal System & Immigration --- ID: 14 Name: Nidwalden", "action_flag": 1, "change_message": "[{\"added\": {}}]"}}, {"model": "admin.logentry", "pk": 110, "fields": {"action_time": "2023-05-15T22:20:41.441Z", "user": 1, "content_type": 8, "object_id": "67", "object_repr": "ID: 67 Category: Residence Permit --- ID: 14 Name: Nidwalden", "action_flag": 1, "change_message": "[{\"added\": {}}]"}}, {"model": "admin.logentry", "pk": 111, "fields": {"action_time": "2023-05-15T22:20:52.216Z", "user": 1, "content_type": 8, "object_id": "68", "object_repr": "ID: 68 Category: Money & Banking --- ID: 14 Name: Nidwalden", "action_flag": 1, "change_message": "[{\"added\": {}}]"}}, {"model": "admin.logentry", "pk": 112, "fields": {"action_time": "2023-05-15T22:21:02.622Z", "user": 1, "content_type": 8, "object_id": "69", "object_repr": "ID: 69 Category: Healthcare & Insurance --- ID: 14 Name: Nidwalden", "action_flag": 1, "change_message": "[{\"added\": {}}]"}}, {"model": "admin.logentry", "pk": 113, "fields": {"action_time": "2023-05-15T22:21:20.628Z", "user": 1, "content_type": 8, "object_id": "70", "object_repr": "ID: 70 Category: Employment --- ID: 14 Name: Nidwalden", "action_flag": 1, "change_message": "[{\"added\": {}}]"}}, {"model": "admin.logentry", "pk": 114, "fields": {"action_time": "2023-05-15T22:21:31.468Z", "user": 1, "content_type": 8, "object_id": "71", "object_repr": "ID: 71 Category: Housing --- ID: 14 Name: Nidwalden", "action_flag": 1, "change_message": "[{\"added\": {}}]"}}, {"model": "admin.logentry", "pk": 115, "fields": {"action_time": "2023-05-15T22:21:44.358Z", "user": 1, "content_type": 8, "object_id": "72", "object_repr": "ID: 72 Category: Legal System & Immigration --- ID: 15 Name: Obwalden", "action_flag": 1, "change_message": "[{\"added\": {}}]"}}, {"model": "admin.logentry", "pk": 116, "fields": {"action_time": "2023-05-15T22:21:54.209Z", "user": 1, "content_type": 8, "object_id": "73", "object_repr": "ID: 73 Category: Residence Permit --- ID: 15 Name: Obwalden", "action_flag": 1, "change_message": "[{\"added\": {}}]"}}, {"model": "admin.logentry", "pk": 117, "fields": {"action_time": "2023-05-15T22:22:05.311Z", "user": 1, "content_type": 8, "object_id": "74", "object_repr": "ID: 74 Category: Money & Banking --- ID: 15 Name: Obwalden", "action_flag": 1, "change_message": "[{\"added\": {}}]"}}, {"model": "admin.logentry", "pk": 118, "fields": {"action_time": "2023-05-15T22:22:13.921Z", "user": 1, "content_type": 8, "object_id": "75", "object_repr": "ID: 75 Category: Healthcare & Insurance --- ID: 15 Name: Obwalden", "action_flag": 1, "change_message": "[{\"added\": {}}]"}}, {"model": "admin.logentry", "pk": 119, "fields": {"action_time": "2023-05-15T22:22:24.490Z", "user": 1, "content_type": 8, "object_id": "76", "object_repr": "ID: 76 Category: Employment --- ID: 15 Name: Obwalden", "action_flag": 1, "change_message": "[{\"added\": {}}]"}}, {"model": "admin.logentry", "pk": 120, "fields": {"action_time": "2023-05-15T22:22:36.625Z", "user": 1, "content_type": 8, "object_id": "77", "object_repr": "ID: 77 Category: Housing --- ID: 15 Name: Obwalden", "action_flag": 1, "change_message": "[{\"added\": {}}]"}}, {"model": "admin.logentry", "pk": 121, "fields": {"action_time": "2023-05-15T22:22:49.701Z", "user": 1, "content_type": 8, "object_id": "78", "object_repr": "ID: 78 Category: Legal System & Immigration --- ID: 16 Name: Schaffhausen", "action_flag": 1, "change_message": "[{\"added\": {}}]"}}, {"model": "admin.logentry", "pk": 122, "fields": {"action_time": "2023-05-15T22:23:01.340Z", "user": 1, "content_type": 8, "object_id": "79", "object_repr": "ID: 79 Category: Residence Permit --- ID: 16 Name: Schaffhausen", "action_flag": 1, "change_message": "[{\"added\": {}}]"}}, {"model": "admin.logentry", "pk": 123, "fields": {"action_time": "2023-05-15T22:23:11.928Z", "user": 1, "content_type": 8, "object_id": "80", "object_repr": "ID: 80 Category: Money & Banking --- ID: 16 Name: Schaffhausen", "action_flag": 1, "change_message": "[{\"added\": {}}]"}}, {"model": "admin.logentry", "pk": 124, "fields": {"action_time": "2023-05-15T22:23:26.216Z", "user": 1, "content_type": 8, "object_id": "81", "object_repr": "ID: 81 Category: Healthcare & Insurance --- ID: 16 Name: Schaffhausen", "action_flag": 1, "change_message": "[{\"added\": {}}]"}}, {"model": "admin.logentry", "pk": 125, "fields": {"action_time": "2023-05-15T22:23:35.824Z", "user": 1, "content_type": 8, "object_id": "82", "object_repr": "ID: 82 Category: Employment --- ID: 16 Name: Schaffhausen", "action_flag": 1, "change_message": "[{\"added\": {}}]"}}, {"model": "admin.logentry", "pk": 126, "fields": {"action_time": "2023-05-15T22:23:46.221Z", "user": 1, "content_type": 8, "object_id": "83", "object_repr": "ID: 83 Category: Housing --- ID: 16 Name: Schaffhausen", "action_flag": 1, "change_message": "[{\"added\": {}}]"}}, {"model": "admin.logentry", "pk": 127, "fields": {"action_time": "2023-05-15T22:24:01.067Z", "user": 1, "content_type": 8, "object_id": "84", "object_repr": "ID: 84 Category: Legal System & Immigration --- ID: 17 Name: Schwyz", "action_flag": 1, "change_message": "[{\"added\": {}}]"}}, {"model": "admin.logentry", "pk": 128, "fields": {"action_time": "2023-05-15T22:24:10.190Z", "user": 1, "content_type": 8, "object_id": "84", "object_repr": "ID: 84 Category: Legal System & Immigration --- ID: 17 Name: Schwyz", "action_flag": 2, "change_message": "[]"}}, {"model": "admin.logentry", "pk": 129, "fields": {"action_time": "2023-05-15T22:24:21.380Z", "user": 1, "content_type": 8, "object_id": "85", "object_repr": "ID: 85 Category: Residence Permit --- ID: 17 Name: Schwyz", "action_flag": 1, "change_message": "[{\"added\": {}}]"}}, {"model": "admin.logentry", "pk": 130, "fields": {"action_time": "2023-05-15T22:24:32.841Z", "user": 1, "content_type": 8, "object_id": "86", "object_repr": "ID: 86 Category: Money & Banking --- ID: 17 Name: Schwyz", "action_flag": 1, "change_message": "[{\"added\": {}}]"}}, {"model": "admin.logentry", "pk": 131, "fields": {"action_time": "2023-05-15T22:24:46.643Z", "user": 1, "content_type": 8, "object_id": "87", "object_repr": "ID: 87 Category: Healthcare & Insurance --- ID: 17 Name: Schwyz", "action_flag": 1, "change_message": "[{\"added\": {}}]"}}, {"model": "admin.logentry", "pk": 132, "fields": {"action_time": "2023-05-15T22:24:56.436Z", "user": 1, "content_type": 8, "object_id": "88", "object_repr": "ID: 88 Category: Employment --- ID: 17 Name: Schwyz", "action_flag": 1, "change_message": "[{\"added\": {}}]"}}, {"model": "admin.logentry", "pk": 133, "fields": {"action_time": "2023-05-15T22:25:09.222Z", "user": 1, "content_type": 8, "object_id": "89", "object_repr": "ID: 89 Category: Housing --- ID: 17 Name: Schwyz", "action_flag": 1, "change_message": "[{\"added\": {}}]"}}, {"model": "admin.logentry", "pk": 134, "fields": {"action_time": "2023-05-15T22:25:19.166Z", "user": 1, "content_type": 8, "object_id": "90", "object_repr": "ID: 90 Category: Legal System & Immigration --- ID: 18 Name: Solothurn", "action_flag": 1, "change_message": "[{\"added\": {}}]"}}, {"model": "admin.logentry", "pk": 135, "fields": {"action_time": "2023-05-15T22:25:28.840Z", "user": 1, "content_type": 8, "object_id": "91", "object_repr": "ID: 91 Category: Residence Permit --- ID: 18 Name: Solothurn", "action_flag": 1, "change_message": "[{\"added\": {}}]"}}, {"model": "admin.logentry", "pk": 136, "fields": {"action_time": "2023-05-15T22:25:40.688Z", "user": 1, "content_type": 8, "object_id": "92", "object_repr": "ID: 92 Category: Money & Banking --- ID: 18 Name: Solothurn", "action_flag": 1, "change_message": "[{\"added\": {}}]"}}, {"model": "admin.logentry", "pk": 137, "fields": {"action_time": "2023-05-15T22:25:51.572Z", "user": 1, "content_type": 8, "object_id": "93", "object_repr": "ID: 93 Category: Healthcare & Insurance --- ID: 18 Name: Solothurn", "action_flag": 1, "change_message": "[{\"added\": {}}]"}}, {"model": "admin.logentry", "pk": 138, "fields": {"action_time": "2023-05-15T22:26:02.123Z", "user": 1, "content_type": 8, "object_id": "94", "object_repr": "ID: 94 Category: Employment --- ID: 18 Name: Solothurn", "action_flag": 1, "change_message": "[{\"added\": {}}]"}}, {"model": "admin.logentry", "pk": 139, "fields": {"action_time": "2023-05-15T22:26:14.117Z", "user": 1, "content_type": 8, "object_id": "95", "object_repr": "ID: 95 Category: Housing --- ID: 18 Name: Solothurn", "action_flag": 1, "change_message": "[{\"added\": {}}]"}}, {"model": "admin.logentry", "pk": 140, "fields": {"action_time": "2023-05-15T22:26:52.844Z", "user": 1, "content_type": 8, "object_id": "96", "object_repr": "ID: 96 Category: Legal System & Immigration --- ID: 19 Name: St. Gallen", "action_flag": 1, "change_message": "[{\"added\": {}}]"}}, {"model": "admin.logentry", "pk": 141, "fields": {"action_time": "2023-05-15T22:27:02.600Z", "user": 1, "content_type": 8, "object_id": "97", "object_repr": "ID: 97 Category: Residence Permit --- ID: 18 Name: Solothurn", "action_flag": 1, "change_message": "[{\"added\": {}}]"}}, {"model": "admin.logentry", "pk": 142, "fields": {"action_time": "2023-05-15T22:27:12.142Z", "user": 1, "content_type": 8, "object_id": "98", "object_repr": "ID: 98 Category: Money & Banking --- ID: 18 Name: Solothurn", "action_flag": 1, "change_message": "[{\"added\": {}}]"}}, {"model": "admin.logentry", "pk": 143, "fields": {"action_time": "2023-05-15T22:27:20.989Z", "user": 1, "content_type": 8, "object_id": "99", "object_repr": "ID: 99 Category: Healthcare & Insurance --- ID: 18 Name: Solothurn", "action_flag": 1, "change_message": "[{\"added\": {}}]"}}, {"model": "admin.logentry", "pk": 144, "fields": {"action_time": "2023-05-15T22:27:31.090Z", "user": 1, "content_type": 8, "object_id": "100", "object_repr": "ID: 100 Category: Employment --- ID: 18 Name: Solothurn", "action_flag": 1, "change_message": "[{\"added\": {}}]"}}, {"model": "admin.logentry", "pk": 145, "fields": {"action_time": "2023-05-15T22:27:44.527Z", "user": 1, "content_type": 8, "object_id": "101", "object_repr": "ID: 101 Category: Housing --- ID: 18 Name: Solothurn", "action_flag": 1, "change_message": "[{\"added\": {}}]"}}, {"model": "admin.logentry", "pk": 146, "fields": {"action_time": "2023-05-15T22:27:55.899Z", "user": 1, "content_type": 8, "object_id": "102", "object_repr": "ID: 102 Category: Legal System & Immigration --- ID: 20 Name: Thurgau", "action_flag": 1, "change_message": "[{\"added\": {}}]"}}, {"model": "admin.logentry", "pk": 147, "fields": {"action_time": "2023-05-15T22:28:06.715Z", "user": 1, "content_type": 8, "object_id": "97", "object_repr": "ID: 97 Category: Residence Permit --- ID: 19 Name: St. Gallen", "action_flag": 2, "change_message": "[{\"changed\": {\"fields\": [\"City\"]}}]"}}, {"model": "admin.logentry", "pk": 148, "fields": {"action_time": "2023-05-15T22:28:10.968Z", "user": 1, "content_type": 8, "object_id": "98", "object_repr": "ID: 98 Category: Money & Banking --- ID: 19 Name: St. Gallen", "action_flag": 2, "change_message": "[{\"changed\": {\"fields\": [\"City\"]}}]"}}, {"model": "admin.logentry", "pk": 149, "fields": {"action_time": "2023-05-15T22:28:15.639Z", "user": 1, "content_type": 8, "object_id": "99", "object_repr": "ID: 99 Category: Healthcare & Insurance --- ID: 19 Name: St. Gallen", "action_flag": 2, "change_message": "[{\"changed\": {\"fields\": [\"City\"]}}]"}}, {"model": "admin.logentry", "pk": 150, "fields": {"action_time": "2023-05-15T22:28:25.705Z", "user": 1, "content_type": 8, "object_id": "100", "object_repr": "ID: 100 Category: Employment --- ID: 19 Name: St. Gallen", "action_flag": 2, "change_message": "[{\"changed\": {\"fields\": [\"City\"]}}]"}}, {"model": "admin.logentry", "pk": 151, "fields": {"action_time": "2023-05-15T22:28:32.537Z", "user": 1, "content_type": 8, "object_id": "101", "object_repr": "ID: 101 Category: Housing --- ID: 19 Name: St. Gallen", "action_flag": 2, "change_message": "[{\"changed\": {\"fields\": [\"City\"]}}]"}}, {"model": "admin.logentry", "pk": 152, "fields": {"action_time": "2023-05-15T22:29:02.373Z", "user": 1, "content_type": 8, "object_id": "103", "object_repr": "ID: 103 Category: Residence Permit --- ID: 20 Name: Thurgau", "action_flag": 1, "change_message": "[{\"added\": {}}]"}}, {"model": "admin.logentry", "pk": 153, "fields": {"action_time": "2023-05-15T22:29:15.629Z", "user": 1, "content_type": 8, "object_id": "104", "object_repr": "ID: 104 Category: Money & Banking --- ID: 20 Name: Thurgau", "action_flag": 1, "change_message": "[{\"added\": {}}]"}}, {"model": "admin.logentry", "pk": 154, "fields": {"action_time": "2023-05-15T22:29:26.641Z", "user": 1, "content_type": 8, "object_id": "105", "object_repr": "ID: 105 Category: Healthcare & Insurance --- ID: 20 Name: Thurgau", "action_flag": 1, "change_message": "[{\"added\": {}}]"}}, {"model": "admin.logentry", "pk": 155, "fields": {"action_time": "2023-05-15T22:29:38.875Z", "user": 1, "content_type": 8, "object_id": "106", "object_repr": "ID: 106 Category: Employment --- ID: 20 Name: Thurgau", "action_flag": 1, "change_message": "[{\"added\": {}}]"}}, {"model": "admin.logentry", "pk": 156, "fields": {"action_time": "2023-05-15T22:29:52.838Z", "user": 1, "content_type": 8, "object_id": "107", "object_repr": "ID: 107 Category: Housing --- ID: 20 Name: Thurgau", "action_flag": 1, "change_message": "[{\"added\": {}}]"}}, {"model": "admin.logentry", "pk": 157, "fields": {"action_time": "2023-05-15T22:30:12.251Z", "user": 1, "content_type": 8, "object_id": "108", "object_repr": "ID: 108 Category: Legal System & Immigration --- ID: 21 Name: Uri", "action_flag": 1, "change_message": "[{\"added\": {}}]"}}, {"model": "admin.logentry", "pk": 158, "fields": {"action_time": "2023-05-15T22:30:20.707Z", "user": 1, "content_type": 8, "object_id": "109", "object_repr": "ID: 109 Category: Residence Permit --- ID: 21 Name: Uri", "action_flag": 1, "change_message": "[{\"added\": {}}]"}}, {"model": "admin.logentry", "pk": 159, "fields": {"action_time": "2023-05-15T22:30:30.549Z", "user": 1, "content_type": 8, "object_id": "110", "object_repr": "ID: 110 Category: Money & Banking --- ID: 21 Name: Uri", "action_flag": 1, "change_message": "[{\"added\": {}}]"}}, {"model": "admin.logentry", "pk": 160, "fields": {"action_time": "2023-05-15T22:30:41.745Z", "user": 1, "content_type": 8, "object_id": "111", "object_repr": "ID: 111 Category: Healthcare & Insurance --- ID: 21 Name: Uri", "action_flag": 1, "change_message": "[{\"added\": {}}]"}}, {"model": "admin.logentry", "pk": 161, "fields": {"action_time": "2023-05-15T22:30:52.245Z", "user": 1, "content_type": 8, "object_id": "112", "object_repr": "ID: 112 Category: Employment --- ID: 21 Name: Uri", "action_flag": 1, "change_message": "[{\"added\": {}}]"}}, {"model": "admin.logentry", "pk": 162, "fields": {"action_time": "2023-05-15T22:31:03.220Z", "user": 1, "content_type": 8, "object_id": "113", "object_repr": "ID: 113 Category: Housing --- ID: 21 Name: Uri", "action_flag": 1, "change_message": "[{\"added\": {}}]"}}, {"model": "admin.logentry", "pk": 163, "fields": {"action_time": "2023-05-15T22:31:13.579Z", "user": 1, "content_type": 8, "object_id": "114", "object_repr": "ID: 114 Category: Legal System & Immigration --- ID: 22 Name: Zug", "action_flag": 1, "change_message": "[{\"added\": {}}]"}}, {"model": "admin.logentry", "pk": 164, "fields": {"action_time": "2023-05-15T22:31:22.212Z", "user": 1, "content_type": 8, "object_id": "115", "object_repr": "ID: 115 Category: Residence Permit --- ID: 22 Name: Zug", "action_flag": 1, "change_message": "[{\"added\": {}}]"}}, {"model": "admin.logentry", "pk": 165, "fields": {"action_time": "2023-05-15T22:31:30.165Z", "user": 1, "content_type": 8, "object_id": "116", "object_repr": "ID: 116 Category: Money & Banking --- ID: 22 Name: Zug", "action_flag": 1, "change_message": "[{\"added\": {}}]"}}, {"model": "admin.logentry", "pk": 166, "fields": {"action_time": "2023-05-15T22:31:48.676Z", "user": 1, "content_type": 8, "object_id": "117", "object_repr": "ID: 117 Category: Healthcare & Insurance --- ID: 22 Name: Zug", "action_flag": 1, "change_message": "[{\"added\": {}}]"}}, {"model": "admin.logentry", "pk": 167, "fields": {"action_time": "2023-05-15T22:32:10.320Z", "user": 1, "content_type": 8, "object_id": "118", "object_repr": "ID: 118 Category: Employment --- ID: 22 Name: Zug", "action_flag": 1, "change_message": "[{\"added\": {}}]"}}, {"model": "admin.logentry", "pk": 168, "fields": {"action_time": "2023-05-15T22:32:25.125Z", "user": 1, "content_type": 8, "object_id": "119", "object_repr": "ID: 119 Category: Housing --- ID: 22 Name: Zug", "action_flag": 1, "change_message": "[{\"added\": {}}]"}}, {"model": "admin.logentry", "pk": 169, "fields": {"action_time": "2023-05-15T22:36:44.907Z", "user": 1, "content_type": 10, "object_id": "4", "object_repr": "ID: 4 Name: open bank acount", "action_flag": 1, "change_message": "[{\"added\": {}}]"}}, {"model": "admin.logentry", "pk": 170, "fields": {"action_time": "2023-05-15T22:36:59.529Z", "user": 1, "content_type": 10, "object_id": "5", "object_repr": "ID: 5 Name: DO TAXES", "action_flag": 1, "change_message": "[{\"added\": {}}]"}}, {"model": "admin.logentry", "pk": 171, "fields": {"action_time": "2023-05-16T18:20:30.248Z", "user": 1, "content_type": 10, "object_id": "5", "object_repr": "ID: 5 Name: DO TAXES --- ID: 8 Category: Money & Banking --- ID: 3 Name: Zurich ", "action_flag": 3, "change_message": ""}}, {"model": "admin.logentry", "pk": 172, "fields": {"action_time": "2023-05-16T18:20:33.787Z", "user": 1, "content_type": 10, "object_id": "4", "object_repr": "ID: 4 Name: open bank acount --- ID: 8 Category: Money & Banking --- ID: 3 Name: Zurich ", "action_flag": 3, "change_message": ""}}, {"model": "admin.logentry", "pk": 173, "fields": {"action_time": "2023-05-16T18:39:54.019Z", "user": 1, "content_type": 10, "object_id": "6", "object_repr": "ID: 6 Name: Open bank acount EU & STUDENT --- ID: 8 Category: Money & Banking --- ID: 3 Name: Zurich ", "action_flag": 1, "change_message": "[{\"added\": {}}]"}}, {"model": "admin.logentry", "pk": 174, "fields": {"action_time": "2023-05-16T18:40:33.140Z", "user": 1, "content_type": 10, "object_id": "7", "object_repr": "ID: 7 Name: open bank account EU & WORKER --- ID: 8 Category: Money & Banking --- ID: 3 Name: Zurich ", "action_flag": 1, "change_message": "[{\"added\": {}}]"}}, {"model": "admin.logentry", "pk": 175, "fields": {"action_time": "2023-05-16T18:52:08.781Z", "user": 1, "content_type": 10, "object_id": "7", "object_repr": "ID: 7 Name: EU & WORKER --- ID: 8 Category: Money & Banking --- ID: 3 Name: Zurich ", "action_flag": 2, "change_message": "[{\"changed\": {\"fields\": [\"Title\", \"Name\"]}}]"}}, {"model": "admin.logentry", "pk": 176, "fields": {"action_time": "2023-05-16T19:52:27.038Z", "user": 1, "content_type": 10, "object_id": "7", "object_repr": "ID: 7 Name: OPEN BANK ACCOUNT EU & WORKER --- ID: 8 Category: Money & Banking --- ID: 3 Name: Zurich ", "action_flag": 2, "change_message": "[{\"changed\": {\"fields\": [\"Title\"]}}]"}}, {"model": "admin.logentry", "pk": 177, "fields": {"action_time": "2023-05-18T16:26:25.514Z", "user": 1, "content_type": 6, "object_id": "2", "object_repr": "ID: 2 email: Angelos.zaimis.dev@gmail.com", "action_flag": 3, "change_message": ""}}, {"model": "admin.logentry", "pk": 178, "fields": {"action_time": "2023-06-16T18:18:29.960Z", "user": 18, "content_type": 6, "object_id": "13", "object_repr": "ID: 13 email: Aeg1gedloss3Zaimhs@outlook.com", "action_flag": 3, "change_message": ""}}, {"model": "admin.logentry", "pk": 179, "fields": {"action_time": "2023-06-16T18:18:29.969Z", "user": 18, "content_type": 6, "object_id": "12", "object_repr": "ID: 12 email: Ag1eeedloss3Zaimhs@outlook.com", "action_flag": 3, "change_message": ""}}, {"model": "admin.logentry", "pk": 180, "fields": {"action_time": "2023-06-16T18:18:29.970Z", "user": 18, "content_type": 6, "object_id": "11", "object_repr": "ID: 11 email: Ag1gedloss3Zaimhs@outlook.com", "action_flag": 3, "change_message": ""}}, {"model": "admin.logentry", "pk": 181, "fields": {"action_time": "2023-06-16T18:18:29.972Z", "user": 18, "content_type": 6, "object_id": "10", "object_repr": "ID: 10 email: Agg3@gmail.com", "action_flag": 3, "change_message": ""}}, {"model": "admin.logentry", "pk": 182, "fields": {"action_time": "2023-06-16T18:18:29.973Z", "user": 18, "content_type": 6, "object_id": "16", "object_repr": "ID: 16 email: Agg3los11@gmail.com", "action_flag": 3, "change_message": ""}}, {"model": "admin.logentry", "pk": 183, "fields": {"action_time": "2023-06-16T18:18:29.974Z", "user": 18, "content_type": 6, "object_id": "17", "object_repr": "ID: 17 email: Agg3los14@gmail.com", "action_flag": 3, "change_message": ""}}, {"model": "admin.logentry", "pk": 184, "fields": {"action_time": "2023-06-16T18:18:29.975Z", "user": 18, "content_type": 6, "object_id": "5", "object_repr": "ID: 5 email: Aggedlos3Zaimhs@outlook.com", "action_flag": 3, "change_message": ""}}, {"model": "admin.logentry", "pk": 185, "fields": {"action_time": "2023-06-16T18:18:29.976Z", "user": 18, "content_type": 6, "object_id": "6", "object_repr": "ID: 6 email: Aggedloss3Zaimhs@outlook.com", "action_flag": 3, "change_message": ""}}, {"model": "admin.logentry", "pk": 186, "fields": {"action_time": "2023-06-16T18:18:29.977Z", "user": 18, "content_type": 6, "object_id": "4", "object_repr": "ID: 4 email: Aggelos3Zaimhs@outlook.com", "action_flag": 3, "change_message": ""}}, {"model": "admin.logentry", "pk": 187, "fields": {"action_time": "2023-06-16T18:18:29.978Z", "user": 18, "content_type": 6, "object_id": "3", "object_repr": "ID: 3 email: AggelosZaimhs@outlook.com", "action_flag": 3, "change_message": ""}}, {"model": "admin.logentry", "pk": 188, "fields": {"action_time": "2023-06-16T18:18:29.979Z", "user": 18, "content_type": 6, "object_id": "9", "object_repr": "ID: 9 email: And@gmail.com", "action_flag": 3, "change_message": ""}}, {"model": "admin.logentry", "pk": 189, "fields": {"action_time": "2023-06-16T18:18:29.980Z", "user": 18, "content_type": 6, "object_id": "15", "object_repr": "ID: 15 email: Angelos13@gmail.com", "action_flag": 3, "change_message": ""}}, {"model": "admin.logentry", "pk": 190, "fields": {"action_time": "2023-06-16T18:18:29.981Z", "user": 18, "content_type": 6, "object_id": "8", "object_repr": "ID: 8 email: AngelosZaimis22@gmail.com", "action_flag": 3, "change_message": ""}}, {"model": "admin.logentry", "pk": 191, "fields": {"action_time": "2023-06-16T18:18:29.981Z", "user": 18, "content_type": 6, "object_id": "7", "object_repr": "ID: 7 email: AngelosZaimis2@gmail.com", "action_flag": 3, "change_message": ""}}, {"model": "admin.logentry", "pk": 192, "fields": {"action_time": "2023-06-16T18:33:42.988Z", "user": 18, "content_type": 9, "object_id": "22", "object_repr": "ID: 22 Name: Zug", "action_flag": 2, "change_message": "[{\"changed\": {\"fields\": [\"Image\"]}}]"}}, {"model": "admin.logentry", "pk": 193, "fields": {"action_time": "2023-06-16T18:34:34.158Z", "user": 18, "content_type": 9, "object_id": "21", "object_repr": "ID: 21 Name: Uri", "action_flag": 2, "change_message": "[{\"changed\": {\"fields\": [\"Image\"]}}]"}}, {"model": "admin.logentry", "pk": 194, "fields": {"action_time": "2023-06-16T18:34:41.934Z", "user": 18, "content_type": 9, "object_id": "20", "object_repr": "ID: 20 Name: Thurgau", "action_flag": 2, "change_message": "[{\"changed\": {\"fields\": [\"Image\"]}}]"}}, {"model": "admin.logentry", "pk": 195, "fields": {"action_time": "2023-06-16T18:34:53.588Z", "user": 18, "content_type": 9, "object_id": "19", "object_repr": "ID: 19 Name: St. Gallen", "action_flag": 2, "change_message": "[{\"changed\": {\"fields\": [\"Image\"]}}]"}}, {"model": "admin.logentry", "pk": 196, "fields": {"action_time": "2023-06-16T18:35:04.993Z", "user": 18, "content_type": 9, "object_id": "18", "object_repr": "ID: 18 Name: Solothurn", "action_flag": 2, "change_message": "[{\"changed\": {\"fields\": [\"Image\"]}}]"}}, {"model": "admin.logentry", "pk": 197, "fields": {"action_time": "2023-06-16T18:35:14.052Z", "user": 18, "content_type": 9, "object_id": "17", "object_repr": "ID: 17 Name: Schwyz", "action_flag": 2, "change_message": "[{\"changed\": {\"fields\": [\"Image\"]}}]"}}, {"model": "admin.logentry", "pk": 198, "fields": {"action_time": "2023-06-16T18:35:26.191Z", "user": 18, "content_type": 9, "object_id": "16", "object_repr": "ID: 16 Name: Schaffhausen", "action_flag": 2, "change_message": "[{\"changed\": {\"fields\": [\"Image\"]}}]"}}, {"model": "admin.logentry", "pk": 199, "fields": {"action_time": "2023-06-16T18:35:36.047Z", "user": 18, "content_type": 9, "object_id": "15", "object_repr": "ID: 15 Name: Obwalden", "action_flag": 2, "change_message": "[{\"changed\": {\"fields\": [\"Image\"]}}]"}}, {"model": "admin.logentry", "pk": 200, "fields": {"action_time": "2023-06-16T18:35:46.490Z", "user": 18, "content_type": 9, "object_id": "14", "object_repr": "ID: 14 Name: Nidwalden", "action_flag": 2, "change_message": "[{\"changed\": {\"fields\": [\"Image\"]}}]"}}, {"model": "admin.logentry", "pk": 201, "fields": {"action_time": "2023-06-16T18:36:02.530Z", "user": 18, "content_type": 9, "object_id": "12", "object_repr": "ID: 12 Name: Luzern", "action_flag": 2, "change_message": "[{\"changed\": {\"fields\": [\"Image\"]}}]"}}, {"model": "admin.logentry", "pk": 202, "fields": {"action_time": "2023-06-16T18:38:32.588Z", "user": 18, "content_type": 9, "object_id": "10", "object_repr": "ID: 10 Name: Glarus", "action_flag": 2, "change_message": "[{\"changed\": {\"fields\": [\"Image\"]}}]"}}, {"model": "admin.logentry", "pk": 203, "fields": {"action_time": "2023-06-16T18:39:01.125Z", "user": 18, "content_type": 9, "object_id": "10", "object_repr": "ID: 10 Name: Glarus", "action_flag": 2, "change_message": "[{\"changed\": {\"fields\": [\"Image\"]}}]"}}, {"model": "admin.logentry", "pk": 204, "fields": {"action_time": "2023-06-16T18:39:52.540Z", "user": 18, "content_type": 9, "object_id": "8", "object_repr": "ID: 8 Name: Basel-Stadt", "action_flag": 2, "change_message": "[{\"changed\": {\"fields\": [\"Image\"]}}]"}}, {"model": "admin.logentry", "pk": 205, "fields": {"action_time": "2023-06-16T18:40:06.352Z", "user": 18, "content_type": 9, "object_id": "7", "object_repr": "ID: 7 Name: Basel-Landschaft", "action_flag": 2, "change_message": "[{\"changed\": {\"fields\": [\"Image\"]}}]"}}, {"model": "admin.logentry", "pk": 206, "fields": {"action_time": "2023-06-16T18:40:17.156Z", "user": 18, "content_type": 9, "object_id": "6", "object_repr": "ID: 6 Name: Appenzell Innerrhoden", "action_flag": 2, "change_message": "[{\"changed\": {\"fields\": [\"Image\"]}}]"}}, {"model": "admin.logentry", "pk": 207, "fields": {"action_time": "2023-06-16T18:40:30.250Z", "user": 18, "content_type": 9, "object_id": "5", "object_repr": "ID: 5 Name: Appenzell Ausserrhoden", "action_flag": 2, "change_message": "[{\"changed\": {\"fields\": [\"Image\"]}}]"}}, {"model": "admin.logentry", "pk": 208, "fields": {"action_time": "2023-06-16T18:40:41.465Z", "user": 18, "content_type": 9, "object_id": "4", "object_repr": "ID: 4 Name: Aargau", "action_flag": 2, "change_message": "[{\"changed\": {\"fields\": [\"Image\"]}}]"}}, {"model": "admin.logentry", "pk": 209, "fields": {"action_time": "2023-06-16T18:40:49.623Z", "user": 18, "content_type": 9, "object_id": "3", "object_repr": "ID: 3 Name: Zurich", "action_flag": 2, "change_message": "[{\"changed\": {\"fields\": [\"Image\"]}}]"}}, {"model": "admin.logentry", "pk": 210, "fields": {"action_time": "2023-06-17T21:49:37.575Z", "user": 18, "content_type": 8, "object_id": "119", "object_repr": "ID: 119 Category: Housing --- ID: 22 Name: Zug", "action_flag": 2, "change_message": "[{\"changed\": {\"fields\": [\"Image\"]}}]"}}, {"model": "admin.logentry", "pk": 211, "fields": {"action_time": "2023-06-17T22:02:29.755Z", "user": 18, "content_type": 8, "object_id": "114", "object_repr": "ID: 114 Category: Legal System & Immigration --- ID: 22 Name: Zug", "action_flag": 2, "change_message": "[{\"changed\": {\"fields\": [\"Image\"]}}]"}}, {"model": "admin.logentry", "pk": 212, "fields": {"action_time": "2023-06-17T22:03:41.246Z", "user": 18, "content_type": 8, "object_id": "114", "object_repr": "ID: 114 Category: Legal System & Immigration --- ID: 22 Name: Zug", "action_flag": 2, "change_message": "[{\"changed\": {\"fields\": [\"Image\"]}}]"}}, {"model": "admin.logentry", "pk": 213, "fields": {"action_time": "2023-06-17T22:04:03.761Z", "user": 18, "content_type": 8, "object_id": "108", "object_repr": "ID: 108 Category: Legal System & Immigration --- ID: 21 Name: Uri", "action_flag": 2, "change_message": "[{\"changed\": {\"fields\": [\"Image\"]}}]"}}, {"model": "admin.logentry", "pk": 214, "fields": {"action_time": "2023-06-17T22:04:15.025Z", "user": 18, "content_type": 8, "object_id": "102", "object_repr": "ID: 102 Category: Legal System & Immigration --- ID: 20 Name: Thurgau", "action_flag": 2, "change_message": "[{\"changed\": {\"fields\": [\"Image\"]}}]"}}, {"model": "admin.logentry", "pk": 215, "fields": {"action_time": "2023-06-17T22:04:33.188Z", "user": 18, "content_type": 8, "object_id": "96", "object_repr": "ID: 96 Category: Legal System & Immigration --- ID: 19 Name: St. Gallen", "action_flag": 2, "change_message": "[{\"changed\": {\"fields\": [\"Image\"]}}]"}}, {"model": "admin.logentry", "pk": 216, "fields": {"action_time": "2023-06-17T22:04:46.601Z", "user": 18, "content_type": 8, "object_id": "90", "object_repr": "ID: 90 Category: Legal System & Immigration --- ID: 18 Name: Solothurn", "action_flag": 2, "change_message": "[{\"changed\": {\"fields\": [\"Image\"]}}]"}}, {"model": "admin.logentry", "pk": 217, "fields": {"action_time": "2023-06-17T22:04:59.327Z", "user": 18, "content_type": 8, "object_id": "84", "object_repr": "ID: 84 Category: Legal System & Immigration --- ID: 17 Name: Schwyz", "action_flag": 2, "change_message": "[{\"changed\": {\"fields\": [\"Image\"]}}]"}}, {"model": "admin.logentry", "pk": 218, "fields": {"action_time": "2023-06-17T22:05:16.566Z", "user": 18, "content_type": 8, "object_id": "78", "object_repr": "ID: 78 Category: Legal System & Immigration --- ID: 16 Name: Schaffhausen", "action_flag": 2, "change_message": "[{\"changed\": {\"fields\": [\"Image\"]}}]"}}, {"model": "admin.logentry", "pk": 219, "fields": {"action_time": "2023-06-17T22:05:38.812Z", "user": 18, "content_type": 8, "object_id": "72", "object_repr": "ID: 72 Category: Legal System & Immigration --- ID: 15 Name: Obwalden", "action_flag": 2, "change_message": "[{\"changed\": {\"fields\": [\"Image\"]}}]"}}, {"model": "admin.logentry", "pk": 220, "fields": {"action_time": "2023-06-17T22:06:00.098Z", "user": 18, "content_type": 8, "object_id": "66", "object_repr": "ID: 66 Category: Legal System & Immigration --- ID: 14 Name: Nidwalden", "action_flag": 2, "change_message": "[{\"changed\": {\"fields\": [\"Image\"]}}]"}}, {"model": "admin.logentry", "pk": 221, "fields": {"action_time": "2023-06-17T22:06:16.444Z", "user": 18, "content_type": 8, "object_id": "60", "object_repr": "ID: 60 Category: Legal System & Immigration --- ID: 12 Name: Luzern", "action_flag": 2, "change_message": "[{\"changed\": {\"fields\": [\"Image\"]}}]"}}, {"model": "admin.logentry", "pk": 222, "fields": {"action_time": "2023-06-17T22:06:53.217Z", "user": 18, "content_type": 8, "object_id": "48", "object_repr": "ID: 48 Category: Legal System & Immigration --- ID: 10 Name: Glarus", "action_flag": 2, "change_message": "[{\"changed\": {\"fields\": [\"Image\"]}}]"}}, {"model": "admin.logentry", "pk": 223, "fields": {"action_time": "2023-06-17T22:07:28.491Z", "user": 18, "content_type": 8, "object_id": "36", "object_repr": "ID: 36 Category: Legal System & Immigration --- ID: 8 Name: Basel-Stadt", "action_flag": 2, "change_message": "[{\"changed\": {\"fields\": [\"Image\"]}}]"}}, {"model": "admin.logentry", "pk": 224, "fields": {"action_time": "2023-06-17T22:07:59.326Z", "user": 18, "content_type": 8, "object_id": "30", "object_repr": "ID: 30 Category: Legal System & Immigration --- ID: 7 Name: Basel-Landschaft", "action_flag": 2, "change_message": "[{\"changed\": {\"fields\": [\"Image\"]}}]"}}, {"model": "admin.logentry", "pk": 225, "fields": {"action_time": "2023-06-17T22:08:22.871Z", "user": 18, "content_type": 8, "object_id": "24", "object_repr": "ID: 24 Category: Legal System & Immigration --- ID: 6 Name: Appenzell Innerrhoden", "action_flag": 2, "change_message": "[{\"changed\": {\"fields\": [\"Image\"]}}]"}}, {"model": "admin.logentry", "pk": 226, "fields": {"action_time": "2023-06-17T22:08:40.609Z", "user": 18, "content_type": 8, "object_id": "18", "object_repr": "ID: 18 Category: Legal System & Immigration --- ID: 5 Name: Appenzell Ausserrhoden", "action_flag": 2, "change_message": "[{\"changed\": {\"fields\": [\"Image\"]}}]"}}, {"model": "admin.logentry", "pk": 227, "fields": {"action_time": "2023-06-17T22:08:55.687Z", "user": 18, "content_type": 8, "object_id": "12", "object_repr": "ID: 12 Category: Legal System & Immigration --- ID: 4 Name: Aargau", "action_flag": 2, "change_message": "[{\"changed\": {\"fields\": [\"Image\"]}}]"}}, {"model": "admin.logentry", "pk": 228, "fields": {"action_time": "2023-06-17T22:09:05.704Z", "user": 18, "content_type": 8, "object_id": "6", "object_repr": "ID: 6 Category: Legal System & Immigration --- ID: 3 Name: Zurich", "action_flag": 2, "change_message": "[{\"changed\": {\"fields\": [\"Image\"]}}]"}}, {"model": "admin.logentry", "pk": 229, "fields": {"action_time": "2023-06-17T22:10:35.678Z", "user": 18, "content_type": 8, "object_id": "119", "object_repr": "ID: 119 Category: Housing --- ID: 22 Name: Zug", "action_flag": 2, "change_message": "[{\"changed\": {\"fields\": [\"Image\"]}}]"}}, {"model": "admin.logentry", "pk": 230, "fields": {"action_time": "2023-06-17T22:10:43.780Z", "user": 18, "content_type": 8, "object_id": "119", "object_repr": "ID: 119 Category: Housing --- ID: 22 Name: Zug", "action_flag": 2, "change_message": "[]"}}, {"model": "admin.logentry", "pk": 231, "fields": {"action_time": "2023-06-17T23:13:15.371Z", "user": 18, "content_type": 8, "object_id": "114", "object_repr": "ID: 114 Category: Legal System & Immigration --- ID: 22 Name: Zug", "action_flag": 2, "change_message": "[{\"changed\": {\"fields\": [\"Icon\"]}}]"}}, {"model": "admin.logentry", "pk": 232, "fields": {"action_time": "2023-06-17T23:13:26.891Z", "user": 18, "content_type": 8, "object_id": "114", "object_repr": "ID: 114 Category: Legal System & Immigration --- ID: 22 Name: Zug", "action_flag": 2, "change_message": "[]"}}, {"model": "admin.logentry", "pk": 233, "fields": {"action_time": "2023-06-17T23:15:13.992Z", "user": 18, "content_type": 8, "object_id": "115", "object_repr": "ID: 115 Category: Residence Permit --- ID: 22 Name: Zug", "action_flag": 2, "change_message": "[{\"changed\": {\"fields\": [\"Icon\"]}}]"}}, {"model": "admin.logentry", "pk": 234, "fields": {"action_time": "2023-06-17T23:15:26.723Z", "user": 18, "content_type": 8, "object_id": "116", "object_repr": "ID: 116 Category: Money & Banking --- ID: 22 Name: Zug", "action_flag": 2, "change_message": "[{\"changed\": {\"fields\": [\"Icon\"]}}]"}}, {"model": "admin.logentry", "pk": 235, "fields": {"action_time": "2023-06-17T23:15:34.648Z", "user": 18, "content_type": 8, "object_id": "116", "object_repr": "ID: 116 Category: Money & Banking --- ID: 22 Name: Zug", "action_flag": 2, "change_message": "[]"}}, {"model": "admin.logentry", "pk": 236, "fields": {"action_time": "2023-06-17T23:16:25.504Z", "user": 18, "content_type": 8, "object_id": "117", "object_repr": "ID: 117 Category: Healthcare & Insurance --- ID: 22 Name: Zug", "action_flag": 2, "change_message": "[{\"changed\": {\"fields\": [\"Icon\"]}}]"}}, {"model": "admin.logentry", "pk": 237, "fields": {"action_time": "2023-06-17T23:17:39.680Z", "user": 18, "content_type": 8, "object_id": "118", "object_repr": "ID: 118 Category: Employment --- ID: 22 Name: Zug", "action_flag": 2, "change_message": "[{\"changed\": {\"fields\": [\"Icon\"]}}]"}}, {"model": "admin.logentry", "pk": 238, "fields": {"action_time": "2023-06-17T23:17:59.893Z", "user": 18, "content_type": 8, "object_id": "119", "object_repr": "ID: 119 Category: Housing --- ID: 22 Name: Zug", "action_flag": 2, "change_message": "[{\"changed\": {\"fields\": [\"Icon\"]}}]"}}, {"model": "admin.logentry", "pk": 239, "fields": {"action_time": "2023-06-17T23:25:14.275Z", "user": 18, "content_type": 8, "object_id": "114", "object_repr": "ID: 114 Category: Legal System & Immigration --- ID: 22 Name: Zug", "action_flag": 2, "change_message": "[{\"changed\": {\"fields\": [\"Subtitle\"]}}]"}}, {"model": "admin.logentry", "pk": 240, "fields": {"action_time": "2023-06-17T23:25:55.885Z", "user": 18, "content_type": 8, "object_id": "115", "object_repr": "ID: 115 Category: Residence Permit --- ID: 22 Name: Zug", "action_flag": 2, "change_message": "[{\"changed\": {\"fields\": [\"Subtitle\"]}}]"}}, {"model": "admin.logentry", "pk": 241, "fields": {"action_time": "2023-06-17T23:27:20.733Z", "user": 18, "content_type": 8, "object_id": "114", "object_repr": "ID: 114 Category: Legal System & Immigration --- ID: 22 Name: Zug", "action_flag": 2, "change_message": "[{\"changed\": {\"fields\": [\"Description\"]}}]"}}, {"model": "admin.logentry", "pk": 242, "fields": {"action_time": "2023-06-17T23:27:34.837Z", "user": 18, "content_type": 8, "object_id": "115", "object_repr": "ID: 115 Category: Residence Permit --- ID: 22 Name: Zug", "action_flag": 2, "change_message": "[{\"changed\": {\"fields\": [\"Description\"]}}]"}}, {"model": "admin.logentry", "pk": 243, "fields": {"action_time": "2023-06-17T23:27:48.548Z", "user": 18, "content_type": 8, "object_id": "116", "object_repr": "ID: 116 Category: Money & Banking --- ID: 22 Name: Zug", "action_flag": 2, "change_message": "[]"}}, {"model": "admin.logentry", "pk": 244, "fields": {"action_time": "2023-06-17T23:28:00.567Z", "user": 18, "content_type": 8, "object_id": "117", "object_repr": "ID: 117 Category: Healthcare & Insurance --- ID: 22 Name: Zug", "action_flag": 2, "change_message": "[{\"changed\": {\"fields\": [\"Description\"]}}]"}}, {"model": "admin.logentry", "pk": 245, "fields": {"action_time": "2023-06-17T23:28:18.580Z", "user": 18, "content_type": 8, "object_id": "118", "object_repr": "ID: 118 Category: Employment --- ID: 22 Name: Zug", "action_flag": 2, "change_message": "[{\"changed\": {\"fields\": [\"Description\"]}}]"}}, {"model": "admin.logentry", "pk": 246, "fields": {"action_time": "2023-06-17T23:28:39.189Z", "user": 18, "content_type": 8, "object_id": "118", "object_repr": "ID: 118 Category: Employment --- ID: 22 Name: Zug", "action_flag": 2, "change_message": "[{\"changed\": {\"fields\": [\"Description\"]}}]"}}, {"model": "admin.logentry", "pk": 247, "fields": {"action_time": "2023-06-17T23:28:49.978Z", "user": 18, "content_type": 8, "object_id": "119", "object_repr": "ID: 119 Category: Housing --- ID: 22 Name: Zug", "action_flag": 2, "change_message": "[]"}}, {"model": "admin.logentry", "pk": 248, "fields": {"action_time": "2023-06-18T08:54:24.251Z", "user": 18, "content_type": 8, "object_id": "114", "object_repr": "ID: 114 Category: Legal System & Immigration --- ID: 22 Name: Zug", "action_flag": 2, "change_message": "[{\"changed\": {\"fields\": [\"Icon svg\"]}}]"}}, {"model": "admin.logentry", "pk": 249, "fields": {"action_time": "2023-06-18T08:55:09.548Z", "user": 18, "content_type": 8, "object_id": "115", "object_repr": "ID: 115 Category: Residence Permit --- ID: 22 Name: Zug", "action_flag": 2, "change_message": "[{\"changed\": {\"fields\": [\"Icon svg\"]}}]"}}, {"model": "admin.logentry", "pk": 250, "fields": {"action_time": "2023-06-18T08:55:21.107Z", "user": 18, "content_type": 8, "object_id": "115", "object_repr": "ID: 115 Category: Residence Permit --- ID: 22 Name: Zug", "action_flag": 2, "change_message": "[]"}}, {"model": "admin.logentry", "pk": 251, "fields": {"action_time": "2023-06-18T08:56:16.076Z", "user": 18, "content_type": 8, "object_id": "116", "object_repr": "ID: 116 Category: Money & Banking --- ID: 22 Name: Zug", "action_flag": 2, "change_message": "[{\"changed\": {\"fields\": [\"Icon svg\"]}}]"}}, {"model": "admin.logentry", "pk": 252, "fields": {"action_time": "2023-06-18T08:56:37.953Z", "user": 18, "content_type": 8, "object_id": "117", "object_repr": "ID: 117 Category: Healthcare & Insurance --- ID: 22 Name: Zug", "action_flag": 2, "change_message": "[{\"changed\": {\"fields\": [\"Icon svg\"]}}]"}}, {"model": "admin.logentry", "pk": 253, "fields": {"action_time": "2023-06-18T08:57:02.482Z", "user": 18, "content_type": 8, "object_id": "118", "object_repr": "ID: 118 Category: Employment --- ID: 22 Name: Zug", "action_flag": 2, "change_message": "[{\"changed\": {\"fields\": [\"Icon svg\"]}}]"}}, {"model": "admin.logentry", "pk": 254, "fields": {"action_time": "2023-06-18T08:57:13.747Z", "user": 18, "content_type": 8, "object_id": "119", "object_repr": "ID: 119 Category: Housing --- ID: 22 Name: Zug", "action_flag": 2, "change_message": "[{\"changed\": {\"fields\": [\"Icon svg\"]}}]"}}, {"model": "admin.logentry", "pk": 255, "fields": {"action_time": "2023-06-19T16:20:00.939Z", "user": 18, "content_type": 9, "object_id": "3", "object_repr": "ID: 3 Name: Zurich", "action_flag": 2, "change_message": "[{\"changed\": {\"fields\": [\"Image\"]}}]"}}, {"model": "admin.logentry", "pk": 256, "fields": {"action_time": "2023-06-19T16:20:19.136Z", "user": 18, "content_type": 9, "object_id": "9", "object_repr": "ID: 9 Name: Bern", "action_flag": 2, "change_message": "[{\"changed\": {\"fields\": [\"Image\"]}}]"}}, {"model": "admin.logentry", "pk": 257, "fields": {"action_time": "2023-06-19T16:20:28.970Z", "user": 18, "content_type": 9, "object_id": "11", "object_repr": "ID: 11 Name: Graubünden", "action_flag": 2, "change_message": "[{\"changed\": {\"fields\": [\"Image\"]}}]"}}, {"model": "admin.logentry", "pk": 258, "fields": {"action_time": "2023-06-19T16:20:46.536Z", "user": 18, "content_type": 9, "object_id": "12", "object_repr": "ID: 12 Name: Luzern", "action_flag": 2, "change_message": "[{\"changed\": {\"fields\": [\"Image\"]}}]"}}, {"model": "admin.logentry", "pk": 259, "fields": {"action_time": "2023-06-19T16:21:25.458Z", "user": 18, "content_type": 8, "object_id": "6", "object_repr": "ID: 6 Category: Legal System & Immigration --- ID: 3 Name: Zurich", "action_flag": 2, "change_message": "[{\"changed\": {\"fields\": [\"Image\"]}}]"}}, {"model": "admin.logentry", "pk": 260, "fields": {"action_time": "2023-06-19T16:22:52.483Z", "user": 18, "content_type": 9, "object_id": "3", "object_repr": "ID: 3 Name: Zurich", "action_flag": 2, "change_message": "[{\"changed\": {\"fields\": [\"Image\"]}}]"}}, {"model": "admin.logentry", "pk": 261, "fields": {"action_time": "2023-06-19T16:23:04.276Z", "user": 18, "content_type": 9, "object_id": "12", "object_repr": "ID: 12 Name: Luzern", "action_flag": 2, "change_message": "[{\"changed\": {\"fields\": [\"Image\"]}}]"}}, {"model": "admin.logentry", "pk": 262, "fields": {"action_time": "2023-06-19T16:23:15.825Z", "user": 18, "content_type": 9, "object_id": "11", "object_repr": "ID: 11 Name: Graubünden", "action_flag": 2, "change_message": "[{\"changed\": {\"fields\": [\"Image\"]}}]"}}, {"model": "admin.logentry", "pk": 263, "fields": {"action_time": "2023-06-19T16:23:26.789Z", "user": 18, "content_type": 9, "object_id": "9", "object_repr": "ID: 9 Name: Bern", "action_flag": 2, "change_message": "[{\"changed\": {\"fields\": [\"Image\"]}}]"}}, {"model": "admin.logentry", "pk": 264, "fields": {"action_time": "2023-06-19T16:24:14.080Z", "user": 18, "content_type": 8, "object_id": "6", "object_repr": "ID: 6 Category: Legal System & Immigration --- ID: 3 Name: Zurich", "action_flag": 2, "change_message": "[{\"changed\": {\"fields\": [\"Image\", \"Icon svg\"]}}]"}}, {"model": "admin.logentry", "pk": 265, "fields": {"action_time": "2023-06-19T16:24:32.986Z", "user": 18, "content_type": 8, "object_id": "60", "object_repr": "ID: 60 Category: Legal System & Immigration --- ID: 12 Name: Luzern", "action_flag": 2, "change_message": "[{\"changed\": {\"fields\": [\"Image\"]}}]"}}, {"model": "admin.logentry", "pk": 266, "fields": {"action_time": "2023-06-19T16:24:45.527Z", "user": 18, "content_type": 8, "object_id": "54", "object_repr": "ID: 54 Category: Legal System & Immigration --- ID: 11 Name: Graubünden", "action_flag": 2, "change_message": "[{\"changed\": {\"fields\": [\"Image\"]}}]"}}, {"model": "admin.logentry", "pk": 267, "fields": {"action_time": "2023-06-19T16:25:05.366Z", "user": 18, "content_type": 8, "object_id": "42", "object_repr": "ID: 42 Category: Legal System & Immigration --- ID: 9 Name: Bern", "action_flag": 2, "change_message": "[{\"changed\": {\"fields\": [\"Image\"]}}]"}}, {"model": "admin.logentry", "pk": 268, "fields": {"action_time": "2023-06-19T16:26:30.170Z", "user": 18, "content_type": 8, "object_id": "6", "object_repr": "ID: 6 Category: Legal System & Immigration --- ID: 3 Name: Zurich", "action_flag": 2, "change_message": "[{\"changed\": {\"fields\": [\"Image\", \"Icon svg\"]}}]"}}, {"model": "admin.logentry", "pk": 269, "fields": {"action_time": "2023-06-19T16:50:48.251Z", "user": 18, "content_type": 8, "object_id": "114", "object_repr": "ID: 114 Category: Legal System & Immigration --- ID: 22 Name: Zug", "action_flag": 2, "change_message": "[{\"changed\": {\"fields\": [\"Icon\"]}}]"}}, {"model": "admin.logentry", "pk": 270, "fields": {"action_time": "2023-06-19T16:51:09.926Z", "user": 18, "content_type": 8, "object_id": "108", "object_repr": "ID: 108 Category: Legal System & Immigration --- ID: 21 Name: Uri", "action_flag": 2, "change_message": "[{\"changed\": {\"fields\": [\"Icon\"]}}]"}}, {"model": "admin.logentry", "pk": 271, "fields": {"action_time": "2023-06-19T16:51:26.090Z", "user": 18, "content_type": 8, "object_id": "102", "object_repr": "ID: 102 Category: Legal System & Immigration --- ID: 20 Name: Thurgau", "action_flag": 2, "change_message": "[{\"changed\": {\"fields\": [\"Icon\"]}}]"}}, {"model": "admin.logentry", "pk": 272, "fields": {"action_time": "2023-06-19T16:51:52.153Z", "user": 18, "content_type": 8, "object_id": "96", "object_repr": "ID: 96 Category: Legal System & Immigration --- ID: 19 Name: St. Gallen", "action_flag": 2, "change_message": "[{\"changed\": {\"fields\": [\"Icon\"]}}]"}}, {"model": "admin.logentry", "pk": 273, "fields": {"action_time": "2023-06-19T16:52:19.336Z", "user": 18, "content_type": 8, "object_id": "119", "object_repr": "ID: 119 Category: Housing --- ID: 22 Name: Zug", "action_flag": 2, "change_message": "[{\"changed\": {\"fields\": [\"Icon\"]}}]"}}, {"model": "admin.logentry", "pk": 274, "fields": {"action_time": "2023-06-19T16:52:48.973Z", "user": 18, "content_type": 8, "object_id": "118", "object_repr": "ID: 118 Category: Employment --- ID: 22 Name: Zug", "action_flag": 2, "change_message": "[{\"changed\": {\"fields\": [\"Icon\"]}}]"}}, {"model": "admin.logentry", "pk": 275, "fields": {"action_time": "2023-06-19T16:53:11.206Z", "user": 18, "content_type": 8, "object_id": "117", "object_repr": "ID: 117 Category: Healthcare & Insurance --- ID: 22 Name: Zug", "action_flag": 2, "change_message": "[{\"changed\": {\"fields\": [\"Icon\"]}}]"}}, {"model": "admin.logentry", "pk": 276, "fields": {"action_time": "2023-06-19T16:53:59.659Z", "user": 18, "content_type": 8, "object_id": "115", "object_repr": "ID: 115 Category: Residence Permit --- ID: 22 Name: Zug", "action_flag": 2, "change_message": "[{\"changed\": {\"fields\": [\"Icon\"]}}]"}}, {"model": "admin.logentry", "pk": 277, "fields": {"action_time": "2023-06-19T17:01:40.146Z", "user": 18, "content_type": 8, "object_id": "119", "object_repr": "ID: 119 Category: Housing --- ID: 22 Name: Zug", "action_flag": 2, "change_message": "[{\"changed\": {\"fields\": [\"Icon\"]}}]"}}, {"model": "admin.logentry", "pk": 278, "fields": {"action_time": "2023-06-19T17:02:00.037Z", "user": 18, "content_type": 8, "object_id": "118", "object_repr": "ID: 118 Category: Employment --- ID: 22 Name: Zug", "action_flag": 2, "change_message": "[{\"changed\": {\"fields\": [\"Icon\"]}}]"}}, {"model": "admin.logentry", "pk": 279, "fields": {"action_time": "2023-06-19T17:02:12.241Z", "user": 18, "content_type": 8, "object_id": "117", "object_repr": "ID: 117 Category: Healthcare & Insurance --- ID: 22 Name: Zug", "action_flag": 2, "change_message": "[{\"changed\": {\"fields\": [\"Icon\"]}}]"}}, {"model": "admin.logentry", "pk": 280, "fields": {"action_time": "2023-06-19T17:02:23.573Z", "user": 18, "content_type": 8, "object_id": "116", "object_repr": "ID: 116 Category: Money & Banking --- ID: 22 Name: Zug", "action_flag": 2, "change_message": "[{\"changed\": {\"fields\": [\"Icon\"]}}]"}}, {"model": "admin.logentry", "pk": 281, "fields": {"action_time": "2023-06-19T17:02:41.769Z", "user": 18, "content_type": 8, "object_id": "115", "object_repr": "ID: 115 Category: Residence Permit --- ID: 22 Name: Zug", "action_flag": 2, "change_message": "[{\"changed\": {\"fields\": [\"Icon\"]}}]"}}, {"model": "admin.logentry", "pk": 282, "fields": {"action_time": "2023-06-19T17:07:26.710Z", "user": 18, "content_type": 8, "object_id": "113", "object_repr": "ID: 113 Category: Housing --- ID: 21 Name: Uri", "action_flag": 2, "change_message": "[{\"changed\": {\"fields\": [\"Icon\"]}}]"}}, {"model": "admin.logentry", "pk": 283, "fields": {"action_time": "2023-06-19T17:07:35.099Z", "user": 18, "content_type": 8, "object_id": "112", "object_repr": "ID: 112 Category: Employment --- ID: 21 Name: Uri", "action_flag": 2, "change_message": "[{\"changed\": {\"fields\": [\"Icon\"]}}]"}}, {"model": "admin.logentry", "pk": 284, "fields": {"action_time": "2023-06-19T17:07:48.745Z", "user": 18, "content_type": 8, "object_id": "111", "object_repr": "ID: 111 Category: Healthcare & Insurance --- ID: 21 Name: Uri", "action_flag": 2, "change_message": "[{\"changed\": {\"fields\": [\"Icon\"]}}]"}}, {"model": "admin.logentry", "pk": 285, "fields": {"action_time": "2023-06-19T17:07:59.163Z", "user": 18, "content_type": 8, "object_id": "110", "object_repr": "ID: 110 Category: Money & Banking --- ID: 21 Name: Uri", "action_flag": 2, "change_message": "[{\"changed\": {\"fields\": [\"Icon\"]}}]"}}, {"model": "admin.logentry", "pk": 286, "fields": {"action_time": "2023-06-19T17:08:11.267Z", "user": 18, "content_type": 8, "object_id": "109", "object_repr": "ID: 109 Category: Residence Permit --- ID: 21 Name: Uri", "action_flag": 2, "change_message": "[{\"changed\": {\"fields\": [\"Icon\"]}}]"}}, {"model": "admin.logentry", "pk": 287, "fields": {"action_time": "2023-06-19T17:08:28.021Z", "user": 18, "content_type": 8, "object_id": "108", "object_repr": "ID: 108 Category: Legal System & Immigration --- ID: 21 Name: Uri", "action_flag": 2, "change_message": "[{\"changed\": {\"fields\": [\"Icon\"]}}]"}}, {"model": "admin.logentry", "pk": 288, "fields": {"action_time": "2023-06-19T17:08:44.274Z", "user": 18, "content_type": 8, "object_id": "107", "object_repr": "ID: 107 Category: Housing --- ID: 20 Name: Thurgau", "action_flag": 2, "change_message": "[{\"changed\": {\"fields\": [\"Icon\"]}}]"}}, {"model": "admin.logentry", "pk": 289, "fields": {"action_time": "2023-06-19T17:08:59.676Z", "user": 18, "content_type": 8, "object_id": "106", "object_repr": "ID: 106 Category: Employment --- ID: 20 Name: Thurgau", "action_flag": 2, "change_message": "[{\"changed\": {\"fields\": [\"Icon\"]}}]"}}, {"model": "admin.logentry", "pk": 290, "fields": {"action_time": "2023-06-19T17:09:12.391Z", "user": 18, "content_type": 8, "object_id": "105", "object_repr": "ID: 105 Category: Healthcare & Insurance --- ID: 20 Name: Thurgau", "action_flag": 2, "change_message": "[{\"changed\": {\"fields\": [\"Icon\"]}}]"}}, {"model": "admin.logentry", "pk": 291, "fields": {"action_time": "2023-06-19T17:09:28.671Z", "user": 18, "content_type": 8, "object_id": "104", "object_repr": "ID: 104 Category: Money & Banking --- ID: 20 Name: Thurgau", "action_flag": 2, "change_message": "[{\"changed\": {\"fields\": [\"Icon\"]}}]"}}, {"model": "admin.logentry", "pk": 292, "fields": {"action_time": "2023-06-19T17:09:43.022Z", "user": 18, "content_type": 8, "object_id": "103", "object_repr": "ID: 103 Category: Residence Permit --- ID: 20 Name: Thurgau", "action_flag": 2, "change_message": "[{\"changed\": {\"fields\": [\"Icon\"]}}]"}}, {"model": "admin.logentry", "pk": 293, "fields": {"action_time": "2023-06-19T17:09:57.294Z", "user": 18, "content_type": 8, "object_id": "102", "object_repr": "ID: 102 Category: Legal System & Immigration --- ID: 20 Name: Thurgau", "action_flag": 2, "change_message": "[{\"changed\": {\"fields\": [\"Icon\"]}}]"}}, {"model": "admin.logentry", "pk": 294, "fields": {"action_time": "2023-06-19T17:10:22.328Z", "user": 18, "content_type": 8, "object_id": "101", "object_repr": "ID: 101 Category: Housing --- ID: 19 Name: St. Gallen", "action_flag": 2, "change_message": "[{\"changed\": {\"fields\": [\"Icon\"]}}]"}}, {"model": "admin.logentry", "pk": 295, "fields": {"action_time": "2023-06-19T17:10:37.505Z", "user": 18, "content_type": 8, "object_id": "100", "object_repr": "ID: 100 Category: Employment --- ID: 19 Name: St. Gallen", "action_flag": 2, "change_message": "[{\"changed\": {\"fields\": [\"Icon\"]}}]"}}, {"model": "admin.logentry", "pk": 296, "fields": {"action_time": "2023-06-19T17:11:18.545Z", "user": 18, "content_type": 8, "object_id": "99", "object_repr": "ID: 99 Category: Healthcare & Insurance --- ID: 19 Name: St. Gallen", "action_flag": 2, "change_message": "[{\"changed\": {\"fields\": [\"Icon\"]}}]"}}, {"model": "admin.logentry", "pk": 297, "fields": {"action_time": "2023-06-19T17:11:51.748Z", "user": 18, "content_type": 8, "object_id": "98", "object_repr": "ID: 98 Category: Money & Banking --- ID: 19 Name: St. Gallen", "action_flag": 2, "change_message": "[{\"changed\": {\"fields\": [\"Icon\"]}}]"}}, {"model": "admin.logentry", "pk": 298, "fields": {"action_time": "2023-06-19T17:12:06.509Z", "user": 18, "content_type": 8, "object_id": "97", "object_repr": "ID: 97 Category: Residence Permit --- ID: 19 Name: St. Gallen", "action_flag": 2, "change_message": "[{\"changed\": {\"fields\": [\"Icon\"]}}]"}}, {"model": "admin.logentry", "pk": 299, "fields": {"action_time": "2023-06-19T17:12:32.741Z", "user": 18, "content_type": 8, "object_id": "96", "object_repr": "ID: 96 Category: Legal System & Immigration --- ID: 19 Name: St. Gallen", "action_flag": 2, "change_message": "[{\"changed\": {\"fields\": [\"Icon\"]}}]"}}, {"model": "admin.logentry", "pk": 300, "fields": {"action_time": "2023-06-19T17:13:06.128Z", "user": 18, "content_type": 8, "object_id": "95", "object_repr": "ID: 95 Category: Housing --- ID: 18 Name: Solothurn", "action_flag": 2, "change_message": "[{\"changed\": {\"fields\": [\"Icon\"]}}]"}}, {"model": "admin.logentry", "pk": 301, "fields": {"action_time": "2023-06-19T17:13:36.763Z", "user": 18, "content_type": 8, "object_id": "94", "object_repr": "ID: 94 Category: Employment --- ID: 18 Name: Solothurn", "action_flag": 2, "change_message": "[{\"changed\": {\"fields\": [\"Icon\"]}}]"}}, {"model": "admin.logentry", "pk": 302, "fields": {"action_time": "2023-06-19T17:14:13.409Z", "user": 18, "content_type": 8, "object_id": "93", "object_repr": "ID: 93 Category: Healthcare & Insurance --- ID: 18 Name: Solothurn", "action_flag": 2, "change_message": "[{\"changed\": {\"fields\": [\"Icon\"]}}]"}}, {"model": "admin.logentry", "pk": 303, "fields": {"action_time": "2023-06-19T17:14:28.671Z", "user": 18, "content_type": 8, "object_id": "92", "object_repr": "ID: 92 Category: Money & Banking --- ID: 18 Name: Solothurn", "action_flag": 2, "change_message": "[{\"changed\": {\"fields\": [\"Icon\"]}}]"}}, {"model": "admin.logentry", "pk": 304, "fields": {"action_time": "2023-06-19T17:14:48.101Z", "user": 18, "content_type": 8, "object_id": "91", "object_repr": "ID: 91 Category: Residence Permit --- ID: 18 Name: Solothurn", "action_flag": 2, "change_message": "[{\"changed\": {\"fields\": [\"Icon\"]}}]"}}, {"model": "admin.logentry", "pk": 305, "fields": {"action_time": "2023-06-19T17:15:03.863Z", "user": 18, "content_type": 8, "object_id": "90", "object_repr": "ID: 90 Category: Legal System & Immigration --- ID: 18 Name: Solothurn", "action_flag": 2, "change_message": "[{\"changed\": {\"fields\": [\"Icon\"]}}]"}}, {"model": "admin.logentry", "pk": 306, "fields": {"action_time": "2023-06-19T17:15:22.518Z", "user": 18, "content_type": 8, "object_id": "89", "object_repr": "ID: 89 Category: Housing --- ID: 17 Name: Schwyz", "action_flag": 2, "change_message": "[{\"changed\": {\"fields\": [\"Icon\"]}}]"}}, {"model": "admin.logentry", "pk": 307, "fields": {"action_time": "2023-06-19T17:15:51.952Z", "user": 18, "content_type": 8, "object_id": "88", "object_repr": "ID: 88 Category: Employment --- ID: 17 Name: Schwyz", "action_flag": 2, "change_message": "[{\"changed\": {\"fields\": [\"Icon\"]}}]"}}, {"model": "admin.logentry", "pk": 308, "fields": {"action_time": "2023-06-19T17:16:06.585Z", "user": 18, "content_type": 8, "object_id": "87", "object_repr": "ID: 87 Category: Healthcare & Insurance --- ID: 17 Name: Schwyz", "action_flag": 2, "change_message": "[{\"changed\": {\"fields\": [\"Icon\"]}}]"}}, {"model": "admin.logentry", "pk": 309, "fields": {"action_time": "2023-06-19T17:16:22.765Z", "user": 18, "content_type": 8, "object_id": "86", "object_repr": "ID: 86 Category: Money & Banking --- ID: 17 Name: Schwyz", "action_flag": 2, "change_message": "[{\"changed\": {\"fields\": [\"Icon\"]}}]"}}, {"model": "admin.logentry", "pk": 310, "fields": {"action_time": "2023-06-19T17:43:40.253Z", "user": 18, "content_type": 10, "object_id": "7", "object_repr": "ID: 7 Name: OPEN BANK ACCOUNT EU & WORKER --- ID: 8 Category: Money & Banking --- ID: 3 Name: Zurich ", "action_flag": 3, "change_message": ""}}, {"model": "admin.logentry", "pk": 311, "fields": {"action_time": "2023-06-19T17:43:40.256Z", "user": 18, "content_type": 10, "object_id": "6", "object_repr": "ID: 6 Name: Open bank acount EU & STUDENT --- ID: 8 Category: Money & Banking --- ID: 3 Name: Zurich ", "action_flag": 3, "change_message": ""}}, {"model": "admin.logentry", "pk": 312, "fields": {"action_time": "2023-06-19T18:06:07.482Z", "user": 18, "content_type": 11, "object_id": "1", "object_repr": "ID: 1 Name: Open a bank account --- ID: 7 Category: Residence Permit --- ID: 3 Name: Zurich ", "action_flag": 1, "change_message": "[{\"added\": {}}]"}}, {"model": "admin.logentry", "pk": 313, "fields": {"action_time": "2023-06-19T18:27:59.187Z", "user": 18, "content_type": 11, "object_id": "2", "object_repr": "ID: 2 Subcategory: Certificate of inheritance --- ID: 7 Category: Residence Permit --- ID: 3 Canton: Zurich ", "action_flag": 1, "change_message": "[{\"added\": {}}]"}}, {"model": "admin.logentry", "pk": 314, "fields": {"action_time": "2023-06-19T18:48:53.046Z", "user": 18, "content_type": 11, "object_id": "1", "object_repr": "ID: 1 Subcategory: Open a bank account --- ID: 7 Category: Residence Permit --- ID: 3 Canton: Zurich ", "action_flag": 2, "change_message": "[{\"changed\": {\"fields\": [\"Image\"]}}]"}}, {"model": "admin.logentry", "pk": 315, "fields": {"action_time": "2023-06-19T20:50:56.224Z", "user": 18, "content_type": 11, "object_id": "3", "object_repr": "ID: 3 Subcategory: Open a bank account --- ID: 8 Category: Money & Banking --- ID: 3 Canton: Zurich ", "action_flag": 1, "change_message": "[{\"added\": {}}]"}}, {"model": "admin.logentry", "pk": 316, "fields": {"action_time": "2023-06-19T20:51:18.363Z", "user": 18, "content_type": 11, "object_id": "1", "object_repr": "ID: 1 Subcategory: Taxes --- ID: 7 Category: Residence Permit --- ID: 3 Canton: Zurich ", "action_flag": 2, "change_message": "[{\"changed\": {\"fields\": [\"Title\"]}}]"}}, {"model": "admin.logentry", "pk": 317, "fields": {"action_time": "2023-06-20T15:49:01.714Z", "user": 18, "content_type": 11, "object_id": "3", "object_repr": "ID: 3 Subcategory: Open a bank account --- ID: 8 Category: Money & Banking --- ID: 3 Canton: Zurich ", "action_flag": 2, "change_message": "[{\"changed\": {\"fields\": [\"Image\"]}}]"}}, {"model": "admin.logentry", "pk": 318, "fields": {"action_time": "2023-06-20T15:54:55.985Z", "user": 18, "content_type": 11, "object_id": "4", "object_repr": "ID: 4 Subcategory: Get Insurance --- ID: 9 Category: Healthcare & insurance --- ID: 3 Canton: Zurich ", "action_flag": 1, "change_message": "[{\"added\": {}}]"}}, {"model": "admin.logentry", "pk": 319, "fields": {"action_time": "2023-06-20T15:55:21.524Z", "user": 18, "content_type": 11, "object_id": "5", "object_repr": "ID: 5 Subcategory: Find a job --- ID: 11 Category: Housing --- ID: 3 Canton: Zurich ", "action_flag": 1, "change_message": "[{\"added\": {}}]"}}, {"model": "admin.logentry", "pk": 320, "fields": {"action_time": "2023-06-20T15:56:24.496Z", "user": 18, "content_type": 11, "object_id": "6", "object_repr": "ID: 6 Subcategory: Immigration infos --- ID: 6 Category: Legal System & Immigration --- ID: 3 Canton: Zurich ", "action_flag": 1, "change_message": "[{\"added\": {}}]"}}, {"model": "admin.logentry", "pk": 321, "fields": {"action_time": "2023-06-20T15:57:17.039Z", "user": 18, "content_type": 11, "object_id": "7", "object_repr": "ID: 7 Subcategory: find a job --- ID: 10 Category: Employment --- ID: 3 Canton: Zurich ", "action_flag": 1, "change_message": "[{\"added\": {}}]"}}, {"model": "admin.logentry", "pk": 322, "fields": {"action_time": "2023-06-20T17:11:45.887Z", "user": 18, "content_type": 10, "object_id": "1", "object_repr": "ID: 1 Information: sdf --- ID: 1 Subcategory: Taxes --- ID: 7 Category: Residence Permit --- ID: 3 Canton: Zurich ", "action_flag": 1, "change_message": "[{\"added\": {}}]"}}, {"model": "admin.logentry", "pk": 323, "fields": {"action_time": "2023-06-20T17:12:10.530Z", "user": 18, "content_type": 10, "object_id": "1", "object_repr": "ID: 1 Information: sdf --- ID: 1 Subcategory: Taxes --- ID: 7 Category: Residence Permit --- ID: 3 Canton: Zurich ", "action_flag": 3, "change_message": ""}}, {"model": "admin.logentry", "pk": 324, "fields": {"action_time": "2023-06-20T17:12:52.757Z", "user": 18, "content_type": 10, "object_id": "1", "object_repr": "ID: 1 Information: gdf --- ID: 1 Subcategory: Taxes --- ID: 7 Category: Residence Permit --- ID: 3 Canton: Zurich ", "action_flag": 1, "change_message": "[{\"added\": {}}]"}}, {"model": "admin.logentry", "pk": 325, "fields": {"action_time": "2023-06-20T17:12:59.478Z", "user": 18, "content_type": 10, "object_id": "2", "object_repr": "ID: 2 Information: dfg --- ID: 1 Subcategory: Taxes --- ID: 7 Category: Residence Permit --- ID: 3 Canton: Zurich ", "action_flag": 1, "change_message": "[{\"added\": {}}]"}}, {"model": "admin.logentry", "pk": 326, "fields": {"action_time": "2023-06-20T17:13:06.773Z", "user": 18, "content_type": 10, "object_id": "1", "object_repr": "ID: 1 Information: gdf --- ID: 1 Subcategory: Taxes --- ID: 7 Category: Residence Permit --- ID: 3 Canton: Zurich ", "action_flag": 3, "change_message": ""}}, {"model": "admin.logentry", "pk": 327, "fields": {"action_time": "2023-06-20T17:13:19.531Z", "user": 18, "content_type": 10, "object_id": "2", "object_repr": "ID: 2 Information: dfg --- ID: 1 Subcategory: Taxes --- ID: 7 Category: Residence Permit --- ID: 3 Canton: Zurich ", "action_flag": 3, "change_message": ""}}, {"model": "admin.logentry", "pk": 328, "fields": {"action_time": "2023-06-20T17:26:19.983Z", "user": 18, "content_type": 10, "object_id": "3", "object_repr": "ID: 3 Information: open a back account EU --- ID: 3 Subcategory: Open a bank account --- ID: 8 Category: Money & Banking --- ID: 3 Canton: Zurich ", "action_flag": 1, "change_message": "[{\"added\": {}}]"}}, {"model": "admin.logentry", "pk": 329, "fields": {"action_time": "2023-06-20T17:33:00.291Z", "user": 18, "content_type": 10, "object_id": "3", "object_repr": "ID: 3 Information: open --- ID: 3 Subcategory: Open a bank account --- ID: 8 Category: Money & Banking --- ID: 3 Canton: Zurich ", "action_flag": 2, "change_message": "[{\"changed\": {\"fields\": [\"Title\"]}}]"}}, {"model": "admin.logentry", "pk": 330, "fields": {"action_time": "2023-06-20T17:37:49.123Z", "user": 18, "content_type": 10, "object_id": "4", "object_repr": "ID: 4 Information: open eu --- ID: 3 Subcategory: Open a bank account --- ID: 8 Category: Money & Banking --- ID: 3 Canton: Zurich ", "action_flag": 1, "change_message": "[{\"added\": {}}]"}}, {"model": "admin.logentry", "pk": 331, "fields": {"action_time": "2023-06-20T17:42:52.602Z", "user": 18, "content_type": 10, "object_id": "4", "object_repr": "ID: 4 Information: open eu --- ID: 3 Subcategory: Open a bank account --- ID: 8 Category: Money & Banking --- ID: 3 Canton: Zurich ", "action_flag": 2, "change_message": "[{\"changed\": {\"fields\": [\"Subtitle\", \"Image\"]}}]"}}, {"model": "admin.logentry", "pk": 332, "fields": {"action_time": "2023-06-20T17:43:12.541Z", "user": 18, "content_type": 10, "object_id": "3", "object_repr": "ID: 3 Information: open --- ID: 3 Subcategory: Open a bank account --- ID: 8 Category: Money & Banking --- ID: 3 Canton: Zurich ", "action_flag": 2, "change_message": "[{\"changed\": {\"fields\": [\"Subtitle\", \"Image\"]}}]"}}, {"model": "admin.logentry", "pk": 333, "fields": {"action_time": "2023-06-21T18:35:18.428Z", "user": 18, "content_type": 10, "object_id": "4", "object_repr": "ID: 4 Information: EU/EFTAOpen a bank account --- ID: 3 Subcategory: Open a bank account --- ID: 8 Category: Money & Banking --- ID: 3 Canton: Zurich ", "action_flag": 2, "change_message": "[{\"changed\": {\"fields\": [\"Title\"]}}]"}}, {"model": "admin.logentry", "pk": 334, "fields": {"action_time": "2023-06-21T18:46:56.561Z", "user": 18, "content_type": 10, "object_id": "4", "object_repr": "ID: 4 Information: EU/EFTAOpen a bank account --- ID: 3 Subcategory: Open a bank account --- ID: 8 Category: Money & Banking --- ID: 3 Canton: Zurich ", "action_flag": 2, "change_message": "[]"}}, {"model": "admin.logentry", "pk": 335, "fields": {"action_time": "2023-06-21T18:52:24.670Z", "user": 18, "content_type": 10, "object_id": "4", "object_repr": "ID: 4 Information: EU-EFTAOpen a bank account --- ID: 3 Subcategory: Open a bank account --- ID: 8 Category: Money & Banking --- ID: 3 Canton: Zurich ", "action_flag": 2, "change_message": "[{\"changed\": {\"fields\": [\"Title\"]}}]"}}, {"model": "admin.logentry", "pk": 336, "fields": {"action_time": "2023-06-21T18:53:09.672Z", "user": 18, "content_type": 10, "object_id": "4", "object_repr": "ID: 4 Information: EUOpen a bank account --- ID: 3 Subcategory: Open a bank account --- ID: 8 Category: Money & Banking --- ID: 3 Canton: Zurich ", "action_flag": 2, "change_message": "[{\"changed\": {\"fields\": [\"Title\"]}}]"}}, {"model": "admin.logentry", "pk": 337, "fields": {"action_time": "2023-06-21T21:20:25.740Z", "user": 18, "content_type": 10, "object_id": "4", "object_repr": "ID: 4 Information: EUOpen a bank account --- ID: 3 Subcategory: Open a bank account --- ID: 8 Category: Money & Banking --- ID: 3 Canton: Zurich ", "action_flag": 2, "change_message": "[]"}}, {"model": "admin.logentry", "pk": 338, "fields": {"action_time": "2023-06-21T21:22:43.264Z", "user": 18, "content_type": 10, "object_id": "4", "object_repr": "ID: 4 Information: EU&STUDENTOpen a bank account --- ID: 3 Subcategory: Open a bank account --- ID: 8 Category: Money & Banking --- ID: 3 Canton: Zurich ", "action_flag": 2, "change_message": "[{\"changed\": {\"fields\": [\"Title\"]}}]"}}, {"model": "admin.logentry", "pk": 339, "fields": {"action_time": "2023-06-21T21:23:08.257Z", "user": 18, "content_type": 10, "object_id": "3", "object_repr": "ID: 3 Information: EU&EMPLOYE0pen a bank account --- ID: 3 Subcategory: Open a bank account --- ID: 8 Category: Money & Banking --- ID: 3 Canton: Zurich ", "action_flag": 2, "change_message": "[{\"changed\": {\"fields\": [\"Title\"]}}]"}}, {"model": "admin.logentry", "pk": 340, "fields": {"action_time": "2023-06-21T21:24:36.789Z", "user": 18, "content_type": 10, "object_id": "4", "object_repr": "ID: 4 Information: EU-STUDENT-Open a bank account --- ID: 3 Subcategory: Open a bank account --- ID: 8 Category: Money & Banking --- ID: 3 Canton: Zurich ", "action_flag": 2, "change_message": "[{\"changed\": {\"fields\": [\"Title\"]}}]"}}, {"model": "admin.logentry", "pk": 341, "fields": {"action_time": "2023-06-21T21:24:43.491Z", "user": 18, "content_type": 10, "object_id": "3", "object_repr": "ID: 3 Information: EU-EMPLOYE-0pen a bank account --- ID: 3 Subcategory: Open a bank account --- ID: 8 Category: Money & Banking --- ID: 3 Canton: Zurich ", "action_flag": 2, "change_message": "[{\"changed\": {\"fields\": [\"Title\"]}}]"}}, {"model": "admin.logentry", "pk": 342, "fields": {"action_time": "2023-06-21T21:25:53.501Z", "user": 18, "content_type": 10, "object_id": "4", "object_repr": "ID: 4 Information: EU-student-Open a bank account --- ID: 3 Subcategory: Open a bank account --- ID: 8 Category: Money & Banking --- ID: 3 Canton: Zurich ", "action_flag": 2, "change_message": "[{\"changed\": {\"fields\": [\"Title\"]}}]"}}, {"model": "admin.logentry", "pk": 343, "fields": {"action_time": "2023-06-21T21:26:04.158Z", "user": 18, "content_type": 10, "object_id": "3", "object_repr": "ID: 3 Information: EU-employe-0pen a bank account --- ID: 3 Subcategory: Open a bank account --- ID: 8 Category: Money & Banking --- ID: 3 Canton: Zurich ", "action_flag": 2, "change_message": "[{\"changed\": {\"fields\": [\"Title\"]}}]"}}, {"model": "admin.logentry", "pk": 344, "fields": {"action_time": "2023-06-21T21:42:50.243Z", "user": 18, "content_type": 10, "object_id": "3", "object_repr": "ID: 3 Information: EU-employe-Open a bank account --- ID: 3 Subcategory: Open a bank account --- ID: 8 Category: Money & Banking --- ID: 3 Canton: Zurich ", "action_flag": 2, "change_message": "[{\"changed\": {\"fields\": [\"Title\"]}}]"}}, {"model": "admin.logentry", "pk": 345, "fields": {"action_time": "2023-06-21T21:57:04.945Z", "user": 18, "content_type": 10, "object_id": "4", "object_repr": "ID: 4 Information: EU-student-Open a bank account --- ID: 3 Subcategory: Open a bank account --- ID: 8 Category: Money & Banking --- ID: 3 Canton: Zurich ", "action_flag": 2, "change_message": "[{\"changed\": {\"fields\": [\"Image\"]}}]"}}, {"model": "admin.logentry", "pk": 346, "fields": {"action_time": "2023-06-21T21:59:11.395Z", "user": 18, "content_type": 10, "object_id": "4", "object_repr": "ID: 4 Information: EU-student-Open a bank account --- ID: 3 Subcategory: Open a bank account --- ID: 8 Category: Money & Banking --- ID: 3 Canton: Zurich ", "action_flag": 2, "change_message": "[{\"changed\": {\"fields\": [\"Image\"]}}]"}}, {"model": "admin.logentry", "pk": 347, "fields": {"action_time": "2023-06-21T21:59:17.117Z", "user": 18, "content_type": 10, "object_id": "3", "object_repr": "ID: 3 Information: EU-employe-Open a bank account --- ID: 3 Subcategory: Open a bank account --- ID: 8 Category: Money & Banking --- ID: 3 Canton: Zurich ", "action_flag": 2, "change_message": "[{\"changed\": {\"fields\": [\"Image\"]}}]"}}, {"model": "admin.logentry", "pk": 348, "fields": {"action_time": "2023-06-21T21:59:31.987Z", "user": 18, "content_type": 10, "object_id": "4", "object_repr": "ID: 4 Information: EU-student-Open a bank account --- ID: 3 Subcategory: Open a bank account --- ID: 8 Category: Money & Banking --- ID: 3 Canton: Zurich ", "action_flag": 2, "change_message": "[{\"changed\": {\"fields\": [\"Image\"]}}]"}}, {"model": "admin.logentry", "pk": 349, "fields": {"action_time": "2023-06-22T16:02:23.542Z", "user": 18, "content_type": 8, "object_id": "6", "object_repr": "ID: 6 Category: Legal System & Immigration --- ID: 3 Canton: Zurich", "action_flag": 2, "change_message": "[{\"changed\": {\"fields\": [\"Icon\"]}}]"}}, {"model": "admin.logentry", "pk": 350, "fields": {"action_time": "2023-06-22T16:02:40.202Z", "user": 18, "content_type": 8, "object_id": "7", "object_repr": "ID: 7 Category: Residence Permit --- ID: 3 Canton: Zurich", "action_flag": 2, "change_message": "[{\"changed\": {\"fields\": [\"Icon\"]}}]"}}, {"model": "admin.logentry", "pk": 351, "fields": {"action_time": "2023-06-22T16:02:48.740Z", "user": 18, "content_type": 8, "object_id": "8", "object_repr": "ID: 8 Category: Money & Banking --- ID: 3 Canton: Zurich", "action_flag": 2, "change_message": "[{\"changed\": {\"fields\": [\"Icon\"]}}]"}}, {"model": "admin.logentry", "pk": 352, "fields": {"action_time": "2023-06-22T16:02:59.998Z", "user": 18, "content_type": 8, "object_id": "9", "object_repr": "ID: 9 Category: Healthcare & insurance --- ID: 3 Canton: Zurich", "action_flag": 2, "change_message": "[{\"changed\": {\"fields\": [\"Icon\"]}}]"}}, {"model": "admin.logentry", "pk": 353, "fields": {"action_time": "2023-06-22T16:03:08.385Z", "user": 18, "content_type": 8, "object_id": "10", "object_repr": "ID: 10 Category: Employment --- ID: 3 Canton: Zurich", "action_flag": 2, "change_message": "[{\"changed\": {\"fields\": [\"Icon\"]}}]"}}, {"model": "admin.logentry", "pk": 354, "fields": {"action_time": "2023-06-22T16:03:15.226Z", "user": 18, "content_type": 8, "object_id": "11", "object_repr": "ID: 11 Category: Housing --- ID: 3 Canton: Zurich", "action_flag": 2, "change_message": "[{\"changed\": {\"fields\": [\"Icon\"]}}]"}}, {"model": "admin.logentry", "pk": 355, "fields": {"action_time": "2023-06-22T16:11:01.943Z", "user": 18, "content_type": 10, "object_id": "4", "object_repr": "ID: 4 Information: EU-student-Open a bank account --- ID: 3 Subcategory: Open a bank account --- ID: 8 Category: Money & Banking --- ID: 3 Canton: Zurich ", "action_flag": 2, "change_message": "[{\"changed\": {\"fields\": [\"Description\"]}}]"}}, {"model": "admin.logentry", "pk": 356, "fields": {"action_time": "2023-06-22T16:14:18.893Z", "user": 18, "content_type": 10, "object_id": "4", "object_repr": "ID: 4 Information: EU-student-Open a bank account --- ID: 3 Subcategory: Open a bank account --- ID: 8 Category: Money & Banking --- ID: 3 Canton: Zurich ", "action_flag": 2, "change_message": "[{\"changed\": {\"fields\": [\"Description\"]}}]"}}, {"model": "admin.logentry", "pk": 357, "fields": {"action_time": "2023-06-22T16:14:44.731Z", "user": 18, "content_type": 10, "object_id": "4", "object_repr": "ID: 4 Information: EU-student-Open a bank account --- ID: 3 Subcategory: Open a bank account --- ID: 8 Category: Money & Banking --- ID: 3 Canton: Zurich ", "action_flag": 2, "change_message": "[]"}}, {"model": "admin.logentry", "pk": 358, "fields": {"action_time": "2023-06-22T16:17:19.863Z", "user": 18, "content_type": 10, "object_id": "4", "object_repr": "ID: 4 Information: EU-student-Open a bank account --- ID: 3 Subcategory: Open a bank account --- ID: 8 Category: Money & Banking --- ID: 3 Canton: Zurich ", "action_flag": 2, "change_message": "[{\"changed\": {\"fields\": [\"Description\"]}}]"}}, {"model": "admin.logentry", "pk": 359, "fields": {"action_time": "2023-06-22T16:19:09.280Z", "user": 18, "content_type": 10, "object_id": "4", "object_repr": "ID: 4 Information: EU-student-Open a bank account --- ID: 3 Subcategory: Open a bank account --- ID: 8 Category: Money & Banking --- ID: 3 Canton: Zurich ", "action_flag": 2, "change_message": "[{\"changed\": {\"fields\": [\"Description\"]}}]"}}, {"model": "admin.logentry", "pk": 360, "fields": {"action_time": "2023-06-22T16:20:11.505Z", "user": 18, "content_type": 10, "object_id": "4", "object_repr": "ID: 4 Information: EU-student-Open a bank account --- ID: 3 Subcategory: Open a bank account --- ID: 8 Category: Money & Banking --- ID: 3 Canton: Zurich ", "action_flag": 2, "change_message": "[]"}}, {"model": "admin.logentry", "pk": 361, "fields": {"action_time": "2023-06-22T16:21:01.442Z", "user": 18, "content_type": 10, "object_id": "4", "object_repr": "ID: 4 Information: EU-student-Open a bank account --- ID: 3 Subcategory: Open a bank account --- ID: 8 Category: Money & Banking --- ID: 3 Canton: Zurich ", "action_flag": 2, "change_message": "[]"}}, {"model": "admin.logentry", "pk": 362, "fields": {"action_time": "2023-06-22T16:21:12.405Z", "user": 18, "content_type": 10, "object_id": "4", "object_repr": "ID: 4 Information: EU-student-Open a bank account --- ID: 3 Subcategory: Open a bank account --- ID: 8 Category: Money & Banking --- ID: 3 Canton: Zurich ", "action_flag": 2, "change_message": "[{\"changed\": {\"fields\": [\"Description\"]}}]"}}, {"model": "admin.logentry", "pk": 363, "fields": {"action_time": "2023-06-22T17:29:16.788Z", "user": 18, "content_type": 11, "object_id": "8", "object_repr": "ID: 8 Subcategory: Deposits and Withdrawals --- ID: 8 Category: Money & Banking --- ID: 3 Canton: Zurich ", "action_flag": 1, "change_message": "[{\"added\": {}}]"}}, {"model": "admin.logentry", "pk": 364, "fields": {"action_time": "2023-06-22T17:29:34.016Z", "user": 18, "content_type": 11, "object_id": "9", "object_repr": "ID: 9 Subcategory: Online and Mobile Banking --- ID: 8 Category: Money & Banking --- ID: 3 Canton: Zurich ", "action_flag": 1, "change_message": "[{\"added\": {}}]"}}, {"model": "admin.logentry", "pk": 365, "fields": {"action_time": "2023-06-22T20:21:01.830Z", "user": 18, "content_type": 10, "object_id": "4", "object_repr": "ID: 4 Information: EU-student-Open a bank account --- ID: 3 Subcategory: Open a bank account --- ID: 8 Category: Money & Banking --- ID: 3 Canton: Zurich ", "action_flag": 2, "change_message": "[{\"changed\": {\"fields\": [\"Link\"]}}]"}}, {"model": "admin.logentry", "pk": 366, "fields": {"action_time": "2023-06-22T20:29:29.427Z", "user": 18, "content_type": 10, "object_id": "4", "object_repr": "ID: 4 Information: EU-student-Open a bank account --- ID: 3 Subcategory: Open a bank account --- ID: 8 Category: Money & Banking --- ID: 3 Canton: Zurich ", "action_flag": 2, "change_message": "[{\"changed\": {\"fields\": [\"LinkTitle\", \"Link\"]}}]"}}, {"model": "auth.permission", "pk": 1, "fields": {"name": "Can add log entry", "content_type": 1, "codename": "add_logentry"}}, {"model": "auth.permission", "pk": 2, "fields": {"name": "Can change log entry", "content_type": 1, "codename": "change_logentry"}}, {"model": "auth.permission", "pk": 3, "fields": {"name": "Can delete log entry", "content_type": 1, "codename": "delete_logentry"}}, {"model": "auth.permission", "pk": 4, "fields": {"name": "Can view log entry", "content_type": 1, "codename": "view_logentry"}}, {"model": "auth.permission", "pk": 5, "fields": {"name": "Can add permission", "content_type": 2, "codename": "add_permission"}}, {"model": "auth.permission", "pk": 6, "fields": {"name": "Can change permission", "content_type": 2, "codename": "change_permission"}}, {"model": "auth.permission", "pk": 7, "fields": {"name": "Can delete permission", "content_type": 2, "codename": "delete_permission"}}, {"model": "auth.permission", "pk": 8, "fields": {"name": "Can view permission", "content_type": 2, "codename": "view_permission"}}, {"model": "auth.permission", "pk": 9, "fields": {"name": "Can add group", "content_type": 3, "codename": "add_group"}}, {"model": "auth.permission", "pk": 10, "fields": {"name": "Can change group", "content_type": 3, "codename": "change_group"}}, {"model": "auth.permission", "pk": 11, "fields": {"name": "Can delete group", "content_type": 3, "codename": "delete_group"}}, {"model": "auth.permission", "pk": 12, "fields": {"name": "Can view group", "content_type": 3, "codename": "view_group"}}, {"model": "auth.permission", "pk": 13, "fields": {"name": "Can add content type", "content_type": 4, "codename": "add_contenttype"}}, {"model": "auth.permission", "pk": 14, "fields": {"name": "Can change content type", "content_type": 4, "codename": "change_contenttype"}}, {"model": "auth.permission", "pk": 15, "fields": {"name": "Can delete content type", "content_type": 4, "codename": "delete_contenttype"}}, {"model": "auth.permission", "pk": 16, "fields": {"name": "Can view content type", "content_type": 4, "codename": "view_contenttype"}}, {"model": "auth.permission", "pk": 17, "fields": {"name": "Can add session", "content_type": 5, "codename": "add_session"}}, {"model": "auth.permission", "pk": 18, "fields": {"name": "Can change session", "content_type": 5, "codename": "change_session"}}, {"model": "auth.permission", "pk": 19, "fields": {"name": "Can delete session", "content_type": 5, "codename": "delete_session"}}, {"model": "auth.permission", "pk": 20, "fields": {"name": "Can view session", "content_type": 5, "codename": "view_session"}}, {"model": "auth.permission", "pk": 21, "fields": {"name": "Can add user", "content_type": 6, "codename": "add_user"}}, {"model": "auth.permission", "pk": 22, "fields": {"name": "Can change user", "content_type": 6, "codename": "change_user"}}, {"model": "auth.permission", "pk": 23, "fields": {"name": "Can delete user", "content_type": 6, "codename": "delete_user"}}, {"model": "auth.permission", "pk": 24, "fields": {"name": "Can view user", "content_type": 6, "codename": "view_user"}}, {"model": "auth.permission", "pk": 25, "fields": {"name": "Can add registration", "content_type": 7, "codename": "add_registration"}}, {"model": "auth.permission", "pk": 26, "fields": {"name": "Can change registration", "content_type": 7, "codename": "change_registration"}}, {"model": "auth.permission", "pk": 27, "fields": {"name": "Can delete registration", "content_type": 7, "codename": "delete_registration"}}, {"model": "auth.permission", "pk": 28, "fields": {"name": "Can view registration", "content_type": 7, "codename": "view_registration"}}, {"model": "auth.permission", "pk": 29, "fields": {"name": "Can add category", "content_type": 8, "codename": "add_category"}}, {"model": "auth.permission", "pk": 30, "fields": {"name": "Can change category", "content_type": 8, "codename": "change_category"}}, {"model": "auth.permission", "pk": 31, "fields": {"name": "Can delete category", "content_type": 8, "codename": "delete_category"}}, {"model": "auth.permission", "pk": 32, "fields": {"name": "Can view category", "content_type": 8, "codename": "view_category"}}, {"model": "auth.permission", "pk": 33, "fields": {"name": "Can add city", "content_type": 9, "codename": "add_city"}}, {"model": "auth.permission", "pk": 34, "fields": {"name": "Can change city", "content_type": 9, "codename": "change_city"}}, {"model": "auth.permission", "pk": 35, "fields": {"name": "Can delete city", "content_type": 9, "codename": "delete_city"}}, {"model": "auth.permission", "pk": 36, "fields": {"name": "Can view city", "content_type": 9, "codename": "view_city"}}, {"model": "auth.permission", "pk": 37, "fields": {"name": "Can add information", "content_type": 10, "codename": "add_information"}}, {"model": "auth.permission", "pk": 38, "fields": {"name": "Can change information", "content_type": 10, "codename": "change_information"}}, {"model": "auth.permission", "pk": 39, "fields": {"name": "Can delete information", "content_type": 10, "codename": "delete_information"}}, {"model": "auth.permission", "pk": 40, "fields": {"name": "Can view information", "content_type": 10, "codename": "view_information"}}, {"model": "auth.permission", "pk": 41, "fields": {"name": "Can add sub category", "content_type": 11, "codename": "add_subcategory"}}, {"model": "auth.permission", "pk": 42, "fields": {"name": "Can change sub category", "content_type": 11, "codename": "change_subcategory"}}, {"model": "auth.permission", "pk": 43, "fields": {"name": "Can delete sub category", "content_type": 11, "codename": "delete_subcategory"}}, {"model": "auth.permission", "pk": 44, "fields": {"name": "Can view sub category", "content_type": 11, "codename": "view_subcategory"}}, {"model": "contenttypes.contenttype", "pk": 1, "fields": {"app_label": "admin", "model": "logentry"}}, {"model": "contenttypes.contenttype", "pk": 2, "fields": {"app_label": "auth", "model": "permission"}}, {"model": "contenttypes.contenttype", "pk": 3, "fields": {"app_label": "auth", "model": "group"}}, {"model": "contenttypes.contenttype", "pk": 4, "fields": {"app_label": "contenttypes", "model": "contenttype"}}, {"model": "contenttypes.contenttype", "pk": 5, "fields": {"app_label": "sessions", "model": "session"}}, {"model": "contenttypes.contenttype", "pk": 6, "fields": {"app_label": "custom_user", "model": "user"}}, {"model": "contenttypes.contenttype", "pk": 7, "fields": {"app_label": "registration", "model": "registration"}}, {"model": "contenttypes.contenttype", "pk": 8, "fields": {"app_label": "Cities", "model": "category"}}, {"model": "contenttypes.contenttype", "pk": 9, "fields": {"app_label": "Cities", "model": "city"}}, {"model": "contenttypes.contenttype", "pk": 10, "fields": {"app_label": "Cities", "model": "information"}}, {"model": "contenttypes.contenttype", "pk": 11, "fields": {"app_label": "Cities", "model": "subcategory"}}, {"model": "sessions.session", "pk": "4btvh7myqg2dlpsdlrd3w3mtv1id633k", "fields": {"session_data": ".eJxVjMsOwiAUBf-FtSFAES4u3fsNDfehVA0kpV0Z_12bdKHbMzPnpca8LmVcu8zjxOqkrDr8bpjpIXUDfM_11jS1uswT6k3RO-360lie5939Oyi5l28NLgRLFhMgs5UIYsAZjIkAjTchogMiQ-zdkB3y1Sd0BqyQHIdIrN4f2H039w:1pxpzc:7DTkGS7LvaIND9dFuQCyGRpaIwm28QhOgpUS1zxYnZI", "expire_date": "2023-05-27T14:13:04.538Z"}}, {"model": "sessions.session", "pk": "xdp7ut2sebmij4bi7eh0pksw43uy1t0f", "fields": {"session_data": ".eJxVjDsOwjAQBe_iGlmxHf8o6TlDtPbu4gCypTipEHeHSCmgfTPzXmKCbS3T1mmZZhRnoYI4_Y4J8oPqTvAO9dZkbnVd5iR3RR60y2tDel4O9--gQC_f2gzRBFbOW0MxDI6sg-zHoD2T1ewTsmZEZQPEMTpQrAc2hlLmjKSdeH8A9OA4VA:1qAE0G:a6PaX7C_fMmdXJmN_sBIAnSwbljC-s2fzZXEz_hoj9o", "expire_date": "2023-06-30T18:16:56.863Z"}}, {"model": "custom_user.user", "pk": 1, "fields": {"password": "pbkdf2_sha256$390000$6ukUe6mpWMWMlOG61ts0ln$vfVjP7BVsgmRZfhNGt31UphXiS/ZtxTZZr/4WUkgTBo=", "last_login": "2023-05-13T14:13:04.537Z", "is_superuser": true, "username": "Angelos", "first_name": "", "last_name": "", "is_staff": true, "date_joined": "2023-05-13T14:12:54.897Z", "is_active": true, "is_verified": false, "first_login": true, "email": "Angelos@gmail.com", "selectedCitizenship": "", "status": "", "language": null, "groups": [], "user_permissions": []}}, {"model": "custom_user.user", "pk": 14, "fields": {"password": "pbkdf2_sha256$390000$sddJmaTdQdm0a1Ymkmlqpq$7aMjEmE+fhYYTgXKTRJAJfF6+R5Lr/DjIsNSFZXCIyc=", "last_login": null, "is_superuser": false, "username": "Ag1gedloss32Zaimhs@outlook.com", "first_name": "", "last_name": "", "is_staff": false, "date_joined": "2023-06-11T20:44:41.587Z", "is_active": true, "is_verified": false, "first_login": false, "email": "Ag1gedloss32Zaimhs@outlook.com", "selectedCitizenship": "EU/EFTA", "status": "student", "language": "en", "groups": [], "user_permissions": []}}, {"model": "custom_user.user", "pk": 18, "fields": {"password": "pbkdf2_sha256$390000$nDZEBNZBWWZkkPD42r62sp$jnu/Haw0mMGEG+FXIz/fqK3NtUl69ljgAg/L6MMAN4g=", "last_login": "2023-06-16T18:16:56.861Z", "is_superuser": true, "username": "afa", "first_name": "", "last_name": "", "is_staff": true, "date_joined": "2023-06-16T18:16:43.449Z", "is_active": true, "is_verified": false, "first_login": true, "email": "Aggelos@gmail.com", "selectedCitizenship": "", "status": "", "language": "en", "groups": [], "user_permissions": []}}, {"model": "registration.registration", "pk": 13, "fields": {"user": 14, "verification_code": 40688, "email": "", "password": "", "selectedCountry": "", "status": ""}}, {"model": "Cities.city", "pk": 3, "fields": {"name": "Zurich", "image": "city_images/box_Zurich.png"}}, {"model": "Cities.city", "pk": 4, "fields": {"name": "Aargau", "image": "city_images/helloch-cantonbox_Aargau.png"}}, {"model": "Cities.city", "pk": 5, "fields": {"name": "Appenzell Ausserrhoden", "image": "city_images/helloch-cantonbox_AppenzellAusserrhoden.png"}}, {"model": "Cities.city", "pk": 6, "fields": {"name": "Appenzell Innerrhoden", "image": "city_images/helloch-cantonbox_AppenzellInnerrhoden.png"}}, {"model": "Cities.city", "pk": 7, "fields": {"name": "Basel-Landschaft", "image": "city_images/helloch-cantonbox_Basel-Landschaft.png"}}, {"model": "Cities.city", "pk": 8, "fields": {"name": "Basel-Stadt", "image": "city_images/helloch-cantonbox_Basel-Stadt.png"}}, {"model": "Cities.city", "pk": 9, "fields": {"name": "Bern", "image": "city_images/box_Bern.png"}}, {"model": "Cities.city", "pk": 10, "fields": {"name": "Glarus", "image": "city_images/helloch-cantonbox_Glarus.png"}}, {"model": "Cities.city", "pk": 11, "fields": {"name": "Graubünden", "image": "city_images/box_Graubunden.png"}}, {"model": "Cities.city", "pk": 12, "fields": {"name": "Luzern", "image": "city_images/box_Lucerne.png"}}, {"model": "Cities.city", "pk": 14, "fields": {"name": "Nidwalden", "image": "city_images/helloch-cantonbox_Nidwalden.png"}}, {"model": "Cities.city", "pk": 15, "fields": {"name": "Obwalden", "image": "city_images/helloch-cantonbox_Obwalden.png"}}, {"model": "Cities.city", "pk": 16, "fields": {"name": "Schaffhausen", "image": "city_images/helloch-cantonbox_Schaffhausen.png"}}, {"model": "Cities.city", "pk": 17, "fields": {"name": "Schwyz", "image": "city_images/helloch-cantonbox_Schwyz.png"}}, {"model": "Cities.city", "pk": 18, "fields": {"name": "Solothurn", "image": "city_images/helloch-cantonbox_Solothurn.png"}}, {"model": "Cities.city", "pk": 19, "fields": {"name": "St. Gallen", "image": "city_images/helloch-cantonbox_St._Gallen.png"}}, {"model": "Cities.city", "pk": 20, "fields": {"name": "Thurgau", "image": "city_images/helloch-cantonbox_Thurgau.png"}}, {"model": "Cities.city", "pk": 21, "fields": {"name": "Uri", "image": "city_images/helloch-cantonbox_Uri.png"}}, {"model": "Cities.city", "pk": 22, "fields": {"name": "Zug", "image": "city_images/helloch-cantonbox_Zug.png"}}, {"model": "Cities.category", "pk": 6, "fields": {"name": "Legal System & Immigration", "description": "Immigration, legal, support, police", "city": 3, "image": "category_images/mainheader_Zurich_BEHU1z5.png", "icon": "category_Images/helloch_icon-legal-blue_q6wVYNJ.png"}}, {"model": "Cities.category", "pk": 7, "fields": {"name": "Residence Permit", "description": "Permit process and requirements", "city": 3, "image": "", "icon": "category_Images/helloch_icon-papers-blue_gPuHH0I.png"}}, {"model": "Cities.category", "pk": 8, "fields": {"name": "Money & Banking", "description": "open a bank account, filling taxes", "city": 3, "image": "", "icon": "category_Images/helloch_icon-bank-blue_pMqPQqs.png"}}, {"model": "Cities.category", "pk": 9, "fields": {"name": "Healthcare & insurance", "description": "Medical system, find a doctor", "city": 3, "image": "", "icon": "category_Images/helloch_icon-health-blue_K756kyi.png"}}, {"model": "Cities.category", "pk": 10, "fields": {"name": "Employment", "description": "finding a job, working in Switzerland", "city": 3, "image": "", "icon": "category_Images/helloch_icon-work-blue_4PhEelI.png"}}, {"model": "Cities.category", "pk": 11, "fields": {"name": "Housing", "description": "Finding a place to rent or buy", "city": 3, "image": "", "icon": "category_Images/helloch_icon-house-blue_Qu7okzD.png"}}, {"model": "Cities.category", "pk": 12, "fields": {"name": "Legal System & Immigration", "description": "Immigration, legal, support, police", "city": 4, "image": "category_images/helloch-cantonmainheader_Aargau.png", "icon": ""}}, {"model": "Cities.category", "pk": 13, "fields": {"name": "Residence Permit", "description": "Permit process and requirements", "city": 4, "image": "", "icon": ""}}, {"model": "Cities.category", "pk": 14, "fields": {"name": "Money & Banking", "description": "open a bank account, filling taxes", "city": 4, "image": "", "icon": ""}}, {"model": "Cities.category", "pk": 15, "fields": {"name": "Healthcare & Insurance", "description": "Medical system, find a doctor", "city": 4, "image": "", "icon": ""}}, {"model": "Cities.category", "pk": 16, "fields": {"name": "Employment", "description": "finding a job, working in Switzerland", "city": 4, "image": "", "icon": ""}}, {"model": "Cities.category", "pk": 17, "fields": {"name": "Housing", "description": "Finding a place to rent or buy", "city": 4, "image": "", "icon": ""}}, {"model": "Cities.category", "pk": 18, "fields": {"name": "Legal System & Immigration", "description": "Immigration, legal, support, police", "city": 5, "image": "category_images/helloch-cantonmainheader_AppenzellAusserrhoden.png", "icon": ""}}, {"model": "Cities.category", "pk": 19, "fields": {"name": "Residence Permit", "description": "Permit process and requirements", "city": 5, "image": "", "icon": ""}}, {"model": "Cities.category", "pk": 20, "fields": {"name": "Money & Banking", "description": "open a bank account, filling taxes", "city": 5, "image": "", "icon": ""}}, {"model": "Cities.category", "pk": 21, "fields": {"name": "Healthcare & Insurance", "description": "Medical system, find a doctor", "city": 5, "image": "", "icon": ""}}, {"model": "Cities.category", "pk": 22, "fields": {"name": "Employment", "description": "finding a job, working in Switzerland", "city": 5, "image": "", "icon": ""}}, {"model": "Cities.category", "pk": 23, "fields": {"name": "Housing", "description": "Finding a place to rent or buy", "city": 5, "image": "", "icon": ""}}, {"model": "Cities.category", "pk": 24, "fields": {"name": "Legal System & Immigration", "description": "Immigration, legal, support, police", "city": 6, "image": "category_images/helloch-cantonmainheader_AppenzellInnerrhoden.png", "icon": ""}}, {"model": "Cities.category", "pk": 25, "fields": {"name": "Residence Permit", "description": "Permit process and requirements", "city": 6, "image": "", "icon": ""}}, {"model": "Cities.category", "pk": 26, "fields": {"name": "Money & Banking", "description": "open a bank account, filling taxes", "city": 6, "image": "", "icon": ""}}, {"model": "Cities.category", "pk": 27, "fields": {"name": "Healthcare & Insurance", "description": "Medical system, find a doctor", "city": 6, "image": "", "icon": ""}}, {"model": "Cities.category", "pk": 28, "fields": {"name": "Employment", "description": "finding a job, working in Switzerland", "city": 6, "image": "", "icon": ""}}, {"model": "Cities.category", "pk": 29, "fields": {"name": "Housing", "description": "Finding a place to rent or buy", "city": 6, "image": "", "icon": ""}}, {"model": "Cities.category", "pk": 30, "fields": {"name": "Legal System & Immigration", "description": "Immigration, legal, support, police", "city": 7, "image": "category_images/helloch-cantonmainheader_Basel-Landschaft.png", "icon": ""}}, {"model": "Cities.category", "pk": 31, "fields": {"name": "Residence Permit", "description": "Permit process and requirements", "city": 7, "image": "", "icon": ""}}, {"model": "Cities.category", "pk": 32, "fields": {"name": "Money & Banking", "description": "open a bank account, filling taxes", "city": 7, "image": "", "icon": ""}}, {"model": "Cities.category", "pk": 33, "fields": {"name": "Healthcare & Insurance", "description": "Medical system, find a doctor", "city": 7, "image": "", "icon": ""}}, {"model": "Cities.category", "pk": 34, "fields": {"name": "Employment", "description": "finding a job, working in Switzerland", "city": 7, "image": "", "icon": ""}}, {"model": "Cities.category", "pk": 35, "fields": {"name": "Housing", "description": "Finding a place to rent or buy", "city": 7, "image": "", "icon": ""}}, {"model": "Cities.category", "pk": 36, "fields": {"name": "Legal System & Immigration", "description": "Immigration, legal, support, police", "city": 8, "image": "category_images/helloch-cantonmainheader_Basel-Stadt.png", "icon": ""}}, {"model": "Cities.category", "pk": 37, "fields": {"name": "Residence Permit", "description": "Permit process and requirements", "city": 8, "image": "", "icon": ""}}, {"model": "Cities.category", "pk": 38, "fields": {"name": "Money & Banking", "description": "open a bank account, filling taxes", "city": 8, "image": "", "icon": ""}}, {"model": "Cities.category", "pk": 39, "fields": {"name": "Healthcare & Insurance", "description": "Medical system, find a doctor", "city": 8, "image": "", "icon": ""}}, {"model": "Cities.category", "pk": 40, "fields": {"name": "Employment", "description": "finding a job, working in Switzerland", "city": 8, "image": "", "icon": ""}}, {"model": "Cities.category", "pk": 41, "fields": {"name": "Housing", "description": "Finding a place to rent or buy", "city": 8, "image": "", "icon": ""}}, {"model": "Cities.category", "pk": 42, "fields": {"name": "Legal System & Immigration", "description": "Immigration, legal, support, police", "city": 9, "image": "category_images/mainheader_Bern.png", "icon": ""}}, {"model": "Cities.category", "pk": 43, "fields": {"name": "Residence Permit", "description": "Permit process and requirements", "city": 9, "image": "", "icon": ""}}, {"model": "Cities.category", "pk": 44, "fields": {"name": "Money & Banking", "description": "open a bank account, filling taxes", "city": 9, "image": "", "icon": ""}}, {"model": "Cities.category", "pk": 45, "fields": {"name": "Healthcare & Insurance", "description": "Medical system, find a doctor", "city": 9, "image": "", "icon": ""}}, {"model": "Cities.category", "pk": 46, "fields": {"name": "Employment", "description": "finding a job, working in Switzerland", "city": 9, "image": "", "icon": ""}}, {"model": "Cities.category", "pk": 47, "fields": {"name": "Housing", "description": "Finding a place to rent or buy", "city": 9, "image": "", "icon": ""}}, {"model": "Cities.category", "pk": 48, "fields": {"name": "Legal System & Immigration", "description": "Immigration, legal, support, police", "city": 10, "image": "category_images/helloch-cantonmainheader_Glarus.png", "icon": ""}}, {"model": "Cities.category", "pk": 49, "fields": {"name": "Residence Permit", "description": "Permit process and requirements", "city": 10, "image": "", "icon": ""}}, {"model": "Cities.category", "pk": 50, "fields": {"name": "Money & Banking", "description": "open a bank account, filling taxes", "city": 10, "image": "", "icon": ""}}, {"model": "Cities.category", "pk": 51, "fields": {"name": "Healthcare & Insurance", "description": "Medical system, find a doctor", "city": 10, "image": "", "icon": ""}}, {"model": "Cities.category", "pk": 52, "fields": {"name": "Employment", "description": "finding a job, working in Switzerland", "city": 10, "image": "", "icon": ""}}, {"model": "Cities.category", "pk": 53, "fields": {"name": "Housing", "description": "Finding a place to rent or buy", "city": 10, "image": "", "icon": ""}}, {"model": "Cities.category", "pk": 54, "fields": {"name": "Legal System & Immigration", "description": "Immigration, legal, support, police", "city": 11, "image": "category_images/mainheader_Graubunden.png", "icon": ""}}, {"model": "Cities.category", "pk": 55, "fields": {"name": "Residence Permit", "description": "Permit process and requirements", "city": 11, "image": "", "icon": ""}}, {"model": "Cities.category", "pk": 56, "fields": {"name": "Money & Banking", "description": "open a bank account, filling taxes", "city": 11, "image": "", "icon": ""}}, {"model": "Cities.category", "pk": 57, "fields": {"name": "Healthcare & Insurance", "description": "Medical system, find a doctor", "city": 11, "image": "", "icon": ""}}, {"model": "Cities.category", "pk": 58, "fields": {"name": "Employment", "description": "finding a job, working in Switzerland", "city": 11, "image": "", "icon": ""}}, {"model": "Cities.category", "pk": 59, "fields": {"name": "Housing", "description": "Finding a place to rent or buy", "city": 11, "image": "", "icon": ""}}, {"model": "Cities.category", "pk": 60, "fields": {"name": "Legal System & Immigration", "description": "Immigration, legal, support, police", "city": 12, "image": "category_images/mainheader_Lucerne.png", "icon": ""}}, {"model": "Cities.category", "pk": 61, "fields": {"name": "Residence Permit", "description": "Permit process and requirements", "city": 12, "image": "", "icon": ""}}, {"model": "Cities.category", "pk": 62, "fields": {"name": "Money & Banking", "description": "open a bank account, filling taxes", "city": 12, "image": "", "icon": ""}}, {"model": "Cities.category", "pk": 63, "fields": {"name": "Healthcare & Insurance", "description": "Medical system, find a doctor", "city": 12, "image": "", "icon": ""}}, {"model": "Cities.category", "pk": 64, "fields": {"name": "Employment", "description": "finding a job, working in Switzerland", "city": 12, "image": "", "icon": ""}}, {"model": "Cities.category", "pk": 65, "fields": {"name": "Housing", "description": "Finding a place to rent or buy", "city": 12, "image": "", "icon": ""}}, {"model": "Cities.category", "pk": 66, "fields": {"name": "Legal System & Immigration", "description": "Immigration, legal, support, police", "city": 14, "image": "category_images/helloch-cantonmainheader_Nidwalden.png", "icon": ""}}, {"model": "Cities.category", "pk": 67, "fields": {"name": "Residence Permit", "description": "Permit process and requirements", "city": 14, "image": "", "icon": ""}}, {"model": "Cities.category", "pk": 68, "fields": {"name": "Money & Banking", "description": "open a bank account, filling taxes", "city": 14, "image": "", "icon": ""}}, {"model": "Cities.category", "pk": 69, "fields": {"name": "Healthcare & Insurance", "description": "Medical system, find a doctor", "city": 14, "image": "", "icon": ""}}, {"model": "Cities.category", "pk": 70, "fields": {"name": "Employment", "description": "finding a job, working in Switzerland", "city": 14, "image": "", "icon": ""}}, {"model": "Cities.category", "pk": 71, "fields": {"name": "Housing", "description": "Finding a place to rent or buy", "city": 14, "image": "", "icon": ""}}, {"model": "Cities.category", "pk": 72, "fields": {"name": "Legal System & Immigration", "description": "Immigration, legal, support, police", "city": 15, "image": "category_images/helloch-cantonmainheader_Obwalden.png", "icon": ""}}, {"model": "Cities.category", "pk": 73, "fields": {"name": "Residence Permit", "description": "Permit process and requirements", "city": 15, "image": "", "icon": ""}}, {"model": "Cities.category", "pk": 74, "fields": {"name": "Money & Banking", "description": "open a bank account, filling taxes", "city": 15, "image": "", "icon": ""}}, {"model": "Cities.category", "pk": 75, "fields": {"name": "Healthcare & Insurance", "description": "Medical system, find a doctor", "city": 15, "image": "", "icon": ""}}, {"model": "Cities.category", "pk": 76, "fields": {"name": "Employment", "description": "finding a job, working in Switzerland", "city": 15, "image": "", "icon": ""}}, {"model": "Cities.category", "pk": 77, "fields": {"name": "Housing", "description": "Finding a place to rent or buy", "city": 15, "image": "", "icon": ""}}, {"model": "Cities.category", "pk": 78, "fields": {"name": "Legal System & Immigration", "description": "Immigration, legal, support, police", "city": 16, "image": "category_images/helloch-cantonmainheader_Schaffhausen.png", "icon": ""}}, {"model": "Cities.category", "pk": 79, "fields": {"name": "Residence Permit", "description": "Permit process and requirements", "city": 16, "image": "", "icon": ""}}, {"model": "Cities.category", "pk": 80, "fields": {"name": "Money & Banking", "description": "open a bank account, filling taxes", "city": 16, "image": "", "icon": ""}}, {"model": "Cities.category", "pk": 81, "fields": {"name": "Healthcare & Insurance", "description": "Medical system, find a doctor", "city": 16, "image": "", "icon": ""}}, {"model": "Cities.category", "pk": 82, "fields": {"name": "Employment", "description": "finding a job, working in Switzerland", "city": 16, "image": "", "icon": ""}}, {"model": "Cities.category", "pk": 83, "fields": {"name": "Housing", "description": "Finding a place to rent or buy", "city": 16, "image": "", "icon": ""}}, {"model": "Cities.category", "pk": 84, "fields": {"name": "Legal System & Immigration", "description": "Immigration, legal, support, police", "city": 17, "image": "category_images/helloch-cantonmainheader_Schwyz.png", "icon": ""}}, {"model": "Cities.category", "pk": 85, "fields": {"name": "Residence Permit", "description": "Permit process and requirements", "city": 17, "image": "", "icon": ""}}, {"model": "Cities.category", "pk": 86, "fields": {"name": "Money & Banking", "description": "open a bank account, filling taxes", "city": 17, "image": "", "icon": "category_Images/helloch_icon-bank-blue_2J1bx6W.png"}}, {"model": "Cities.category", "pk": 87, "fields": {"name": "Healthcare & Insurance", "description": "Medical system, find a doctor", "city": 17, "image": "", "icon": "category_Images/helloch_icon-health-blue_hKOZHLZ.png"}}, {"model": "Cities.category", "pk": 88, "fields": {"name": "Employment", "description": "finding a job, working in Switzerland", "city": 17, "image": "", "icon": "category_Images/helloch_icon-work-blue_qDa82IS.png"}}, {"model": "Cities.category", "pk": 89, "fields": {"name": "Housing", "description": "Finding a place to rent or buy", "city": 17, "image": "", "icon": "category_Images/helloch_icon-house-blue_vkAwYgR.png"}}, {"model": "Cities.category", "pk": 90, "fields": {"name": "Legal System & Immigration", "description": "Immigration, legal, support, police", "city": 18, "image": "category_images/helloch-cantonmainheader_Solothurn.png", "icon": "category_Images/helloch_icon-legal-blue_BM0Go9I.png"}}, {"model": "Cities.category", "pk": 91, "fields": {"name": "Residence Permit", "description": "Permit process and requirements", "city": 18, "image": "", "icon": "category_Images/helloch_icon-papers-blue_L6FA51h.png"}}, {"model": "Cities.category", "pk": 92, "fields": {"name": "Money & Banking", "description": "open a bank account, filling taxes", "city": 18, "image": "", "icon": "category_Images/helloch_icon-bank-blue_BxZ7X7H.png"}}, {"model": "Cities.category", "pk": 93, "fields": {"name": "Healthcare & Insurance", "description": "Medical system, find a doctor", "city": 18, "image": "", "icon": "category_Images/helloch_icon-health-blue_SuTg7N8.png"}}, {"model": "Cities.category", "pk": 94, "fields": {"name": "Employment", "description": "finding a job, working in Switzerland", "city": 18, "image": "", "icon": "category_Images/helloch_icon-work-blue_lzUznMA.png"}}, {"model": "Cities.category", "pk": 95, "fields": {"name": "Housing", "description": "Finding a place to rent or buy", "city": 18, "image": "", "icon": "category_Images/helloch_icon-house-blue_trE88Vp.png"}}, {"model": "Cities.category", "pk": 96, "fields": {"name": "Legal System & Immigration", "description": "Immigration, legal, support, police", "city": 19, "image": "category_images/helloch-cantonmainheader_St._Gallen.png", "icon": "category_Images/helloch_icon-legal-blue_gipSjS8.png"}}, {"model": "Cities.category", "pk": 97, "fields": {"name": "Residence Permit", "description": "Permit process and requirements", "city": 19, "image": "", "icon": "category_Images/helloch_icon-papers-blue_YGy15cm.png"}}, {"model": "Cities.category", "pk": 98, "fields": {"name": "Money & Banking", "description": "open a bank account, filling taxes", "city": 19, "image": "", "icon": "category_Images/helloch_icon-bank-blue_Bvgd1Uf.png"}}, {"model": "Cities.category", "pk": 99, "fields": {"name": "Healthcare & Insurance", "description": "Medical system, find a doctor", "city": 19, "image": "", "icon": "category_Images/helloch_icon-health-blue_Nwvdj9N.png"}}, {"model": "Cities.category", "pk": 100, "fields": {"name": "Employment", "description": "finding a job, working in Switzerland", "city": 19, "image": "", "icon": "category_Images/helloch_icon-work-blue_bqN2ASC.png"}}, {"model": "Cities.category", "pk": 101, "fields": {"name": "Housing", "description": "Finding a place to rent or buy", "city": 19, "image": "", "icon": "category_Images/helloch_icon-house-blue_D6hpXBj.png"}}, {"model": "Cities.category", "pk": 102, "fields": {"name": "Legal System & Immigration", "description": "Immigration, legal, support, police", "city": 20, "image": "category_images/helloch-cantonmainheader_Thurgau.png", "icon": "category_Images/helloch_icon-legal-blue_T4TROae.png"}}, {"model": "Cities.category", "pk": 103, "fields": {"name": "Residence Permit", "description": "Permit process and requirements", "city": 20, "image": "", "icon": "category_Images/helloch_icon-papers-blue_sYUBB6v.png"}}, {"model": "Cities.category", "pk": 104, "fields": {"name": "Money & Banking", "description": "open a bank account, filling taxes", "city": 20, "image": "", "icon": "category_Images/helloch_icon-bank-blue_DzI2xou.png"}}, {"model": "Cities.category", "pk": 105, "fields": {"name": "Healthcare & Insurance", "description": "Medical system, find a doctor", "city": 20, "image": "", "icon": "category_Images/helloch_icon-health-blue_FUxXBxT.png"}}, {"model": "Cities.category", "pk": 106, "fields": {"name": "Employment", "description": "finding a job, working in Switzerland", "city": 20, "image": "", "icon": "category_Images/helloch_icon-work-blue_3vFIroP.png"}}, {"model": "Cities.category", "pk": 107, "fields": {"name": "Housing", "description": "Finding a place to rent or buy", "city": 20, "image": "", "icon": "category_Images/helloch_icon-house-blue_YCG4IY1.png"}}, {"model": "Cities.category", "pk": 108, "fields": {"name": "Legal System & Immigration", "description": "Immigration, legal, support, police", "city": 21, "image": "category_images/helloch-cantonmainheader_Uri.png", "icon": "category_Images/helloch_icon-legal-blue_ehCtmof.png"}}, {"model": "Cities.category", "pk": 109, "fields": {"name": "Residence Permit", "description": "Permit process and requirements", "city": 21, "image": "", "icon": "category_Images/helloch_icon-papers-blue_vhOoCf0.png"}}, {"model": "Cities.category", "pk": 110, "fields": {"name": "Money & Banking", "description": "open a bank account, filling taxes", "city": 21, "image": "", "icon": "category_Images/helloch_icon-bank-blue_rAmqs8T.png"}}, {"model": "Cities.category", "pk": 111, "fields": {"name": "Healthcare & Insurance", "description": "Medical system, find a doctor", "city": 21, "image": "", "icon": "category_Images/helloch_icon-health-blue_DFRqHnu.png"}}, {"model": "Cities.category", "pk": 112, "fields": {"name": "Employment", "description": "finding a job, working in Switzerland", "city": 21, "image": "", "icon": "category_Images/helloch_icon-work-blue_s12BIVt.png"}}, {"model": "Cities.category", "pk": 113, "fields": {"name": "Housing", "description": "Finding a place to rent or buy", "city": 21, "image": "", "icon": "category_Images/helloch_icon-house-blue_ND8Odcg.png"}}, {"model": "Cities.category", "pk": 114, "fields": {"name": "Legal System & Immigration", "description": "immigration, legal support, police", "city": 22, "image": "category_images/helloch-cantonmainheader_Zug.png", "icon": "category_Images/helloch_icon-legal-blue.png"}}, {"model": "Cities.category", "pk": 115, "fields": {"name": "Residence Permit", "description": "permit process and requirements", "city": 22, "image": "", "icon": "category_Images/helloch_icon-papers-blue_m0BipUw.png"}}, {"model": "Cities.category", "pk": 116, "fields": {"name": "Money & Banking", "description": "open a bank account, filling taxes", "city": 22, "image": "", "icon": "category_Images/helloch_icon-bank-blue.png"}}, {"model": "Cities.category", "pk": 117, "fields": {"name": "Healthcare & Insurance", "description": "medical system, find a doctor", "city": 22, "image": "", "icon": "category_Images/helloch_icon-health-blue.png"}}, {"model": "Cities.category", "pk": 118, "fields": {"name": "Employment", "description": "finding a job, working in Switzerland", "city": 22, "image": "", "icon": "category_Images/helloch_icon-work-blue_QwjBIme.png"}}, {"model": "Cities.category", "pk": 119, "fields": {"name": "Housing", "description": "Finding a place to rent or buy", "city": 22, "image": "", "icon": "category_Images/helloch_icon-house-blue_fkD4DKu.png"}}, {"model": "Cities.subcategory", "pk": 1, "fields": {"title": "Taxes", "category": 7, "image": "category_images/contentheader_Zurich_OGJwfpA.png"}}, {"model": "Cities.subcategory", "pk": 2, "fields": {"title": "Certificate of inheritance", "category": 7, "image": ""}}, {"model": "Cities.subcategory", "pk": 3, "fields": {"title": "Open a bank account", "category": 8, "image": "category_images/contentheader_Zurich_81Ns9vq.png"}}, {"model": "Cities.subcategory", "pk": 4, "fields": {"title": "Get Insurance", "category": 9, "image": "category_images/contentheader_Zurich_7xRthZl.png"}}, {"model": "Cities.subcategory", "pk": 5, "fields": {"title": "Find a job", "category": 11, "image": "category_images/contentheader_Zurich_eoa4wVw.png"}}, {"model": "Cities.subcategory", "pk": 6, "fields": {"title": "Immigration infos", "category": 6, "image": "category_images/contentheader_Zurich_V9JSloR.png"}}, {"model": "Cities.subcategory", "pk": 7, "fields": {"title": "find a job", "category": 10, "image": "category_images/contentheader_Zurich_wpSJqok.png"}}, {"model": "Cities.subcategory", "pk": 8, "fields": {"title": "Deposits and Withdrawals", "category": 8, "image": ""}}, {"model": "Cities.subcategory", "pk": 9, "fields": {"title": "Online and Mobile Banking", "category": 8, "image": ""}}, {"model": "Cities.information", "pk": 3, "fields": {"title": "EU-employe-Open a bank account", "subtitle": "Open a bank account", "description": "to open a  b", "image": "", "subcategory": 3}}, {"model": "Cities.information", "pk": 4, "fields": {"title": "EU-student-Open a bank account", "subtitle": "Open a bank account", "description": "un libro de textos especimen. No sólo sobrevivió 500 años, sino que tambien ingresó como texto de reun libro de textos especimen. No sólo sobrevivió 500 años, sino que tambien ingresó como texto de reun libro de textos especimen. No sólo sobrevivió 500 años, sino que tambien ingresó como texto de reun libro de textos especimen. No sólo sobrevivió 500 años, sino que tambien ingresó como texto de reeun libro de textos especimen. No sólo sobrevivió 500 años, sino que tambien ingresó como texto de reeun libro de textos especimen. No sólo sobrevivió 500 años, sino que tambien ingresó como texto de re", "image": "information_images/contentheader_Zurich_dsuaeNd.png", "subcategory": 3}}]