[{"model": "auth.permission", "pk": 1, "fields": {"name": "Can add log entry", "content_type": 1, "codename": "add_logentry"}}, {"model": "auth.permission", "pk": 2, "fields": {"name": "Can change log entry", "content_type": 1, "codename": "change_logentry"}}, {"model": "auth.permission", "pk": 3, "fields": {"name": "Can delete log entry", "content_type": 1, "codename": "delete_logentry"}}, {"model": "auth.permission", "pk": 4, "fields": {"name": "Can view log entry", "content_type": 1, "codename": "view_logentry"}}, {"model": "auth.permission", "pk": 5, "fields": {"name": "Can add permission", "content_type": 2, "codename": "add_permission"}}, {"model": "auth.permission", "pk": 6, "fields": {"name": "Can change permission", "content_type": 2, "codename": "change_permission"}}, {"model": "auth.permission", "pk": 7, "fields": {"name": "Can delete permission", "content_type": 2, "codename": "delete_permission"}}, {"model": "auth.permission", "pk": 8, "fields": {"name": "Can view permission", "content_type": 2, "codename": "view_permission"}}, {"model": "auth.permission", "pk": 9, "fields": {"name": "Can add group", "content_type": 3, "codename": "add_group"}}, {"model": "auth.permission", "pk": 10, "fields": {"name": "Can change group", "content_type": 3, "codename": "change_group"}}, {"model": "auth.permission", "pk": 11, "fields": {"name": "Can delete group", "content_type": 3, "codename": "delete_group"}}, {"model": "auth.permission", "pk": 12, "fields": {"name": "Can view group", "content_type": 3, "codename": "view_group"}}, {"model": "auth.permission", "pk": 13, "fields": {"name": "Can add content type", "content_type": 4, "codename": "add_contenttype"}}, {"model": "auth.permission", "pk": 14, "fields": {"name": "Can change content type", "content_type": 4, "codename": "change_contenttype"}}, {"model": "auth.permission", "pk": 15, "fields": {"name": "Can delete content type", "content_type": 4, "codename": "delete_contenttype"}}, {"model": "auth.permission", "pk": 16, "fields": {"name": "Can view content type", "content_type": 4, "codename": "view_contenttype"}}, {"model": "auth.permission", "pk": 17, "fields": {"name": "Can add session", "content_type": 5, "codename": "add_session"}}, {"model": "auth.permission", "pk": 18, "fields": {"name": "Can change session", "content_type": 5, "codename": "change_session"}}, {"model": "auth.permission", "pk": 19, "fields": {"name": "Can delete session", "content_type": 5, "codename": "delete_session"}}, {"model": "auth.permission", "pk": 20, "fields": {"name": "Can view session", "content_type": 5, "codename": "view_session"}}, {"model": "auth.permission", "pk": 21, "fields": {"name": "Can add user", "content_type": 6, "codename": "add_user"}}, {"model": "auth.permission", "pk": 22, "fields": {"name": "Can change user", "content_type": 6, "codename": "change_user"}}, {"model": "auth.permission", "pk": 23, "fields": {"name": "Can delete user", "content_type": 6, "codename": "delete_user"}}, {"model": "auth.permission", "pk": 24, "fields": {"name": "Can view user", "content_type": 6, "codename": "view_user"}}, {"model": "auth.permission", "pk": 25, "fields": {"name": "Can add registration", "content_type": 7, "codename": "add_registration"}}, {"model": "auth.permission", "pk": 26, "fields": {"name": "Can change registration", "content_type": 7, "codename": "change_registration"}}, {"model": "auth.permission", "pk": 27, "fields": {"name": "Can delete registration", "content_type": 7, "codename": "delete_registration"}}, {"model": "auth.permission", "pk": 28, "fields": {"name": "Can view registration", "content_type": 7, "codename": "view_registration"}}, {"model": "auth.permission", "pk": 29, "fields": {"name": "Can add category", "content_type": 8, "codename": "add_category"}}, {"model": "auth.permission", "pk": 30, "fields": {"name": "Can change category", "content_type": 8, "codename": "change_category"}}, {"model": "auth.permission", "pk": 31, "fields": {"name": "Can delete category", "content_type": 8, "codename": "delete_category"}}, {"model": "auth.permission", "pk": 32, "fields": {"name": "Can view category", "content_type": 8, "codename": "view_category"}}, {"model": "auth.permission", "pk": 33, "fields": {"name": "Can add city", "content_type": 9, "codename": "add_city"}}, {"model": "auth.permission", "pk": 34, "fields": {"name": "Can change city", "content_type": 9, "codename": "change_city"}}, {"model": "auth.permission", "pk": 35, "fields": {"name": "Can delete city", "content_type": 9, "codename": "delete_city"}}, {"model": "auth.permission", "pk": 36, "fields": {"name": "Can view city", "content_type": 9, "codename": "view_city"}}, {"model": "auth.permission", "pk": 37, "fields": {"name": "Can add information", "content_type": 10, "codename": "add_information"}}, {"model": "auth.permission", "pk": 38, "fields": {"name": "Can change information", "content_type": 10, "codename": "change_information"}}, {"model": "auth.permission", "pk": 39, "fields": {"name": "Can delete information", "content_type": 10, "codename": "delete_information"}}, {"model": "auth.permission", "pk": 40, "fields": {"name": "Can view information", "content_type": 10, "codename": "view_information"}}, {"model": "auth.permission", "pk": 41, "fields": {"name": "Can add sub category", "content_type": 11, "codename": "add_subcategory"}}, {"model": "auth.permission", "pk": 42, "fields": {"name": "Can change sub category", "content_type": 11, "codename": "change_subcategory"}}, {"model": "auth.permission", "pk": 43, "fields": {"name": "Can delete sub category", "content_type": 11, "codename": "delete_subcategory"}}, {"model": "auth.permission", "pk": 44, "fields": {"name": "Can view sub category", "content_type": 11, "codename": "view_subcategory"}}, {"model": "auth.permission", "pk": 45, "fields": {"name": "Can add team member", "content_type": 12, "codename": "add_teammember"}}, {"model": "auth.permission", "pk": 46, "fields": {"name": "Can change team member", "content_type": 12, "codename": "change_teammember"}}, {"model": "auth.permission", "pk": 47, "fields": {"name": "Can delete team member", "content_type": 12, "codename": "delete_teammember"}}, {"model": "auth.permission", "pk": 48, "fields": {"name": "Can view team member", "content_type": 12, "codename": "view_teammember"}}, {"model": "auth.permission", "pk": 49, "fields": {"name": "Can add image", "content_type": 13, "codename": "add_image"}}, {"model": "auth.permission", "pk": 50, "fields": {"name": "Can change image", "content_type": 13, "codename": "change_image"}}, {"model": "auth.permission", "pk": 51, "fields": {"name": "Can delete image", "content_type": 13, "codename": "delete_image"}}, {"model": "auth.permission", "pk": 52, "fields": {"name": "Can view image", "content_type": 13, "codename": "view_image"}}, {"model": "auth.permission", "pk": 53, "fields": {"name": "Can add team members", "content_type": 14, "codename": "add_teammembers"}}, {"model": "auth.permission", "pk": 54, "fields": {"name": "Can change team members", "content_type": 14, "codename": "change_teammembers"}}, {"model": "auth.permission", "pk": 55, "fields": {"name": "Can delete team members", "content_type": 14, "codename": "delete_teammembers"}}, {"model": "auth.permission", "pk": 56, "fields": {"name": "Can view team members", "content_type": 14, "codename": "view_teammembers"}}, {"model": "auth.permission", "pk": 57, "fields": {"name": "Can add book mark", "content_type": 15, "codename": "add_bookmark"}}, {"model": "auth.permission", "pk": 58, "fields": {"name": "Can change book mark", "content_type": 15, "codename": "change_bookmark"}}, {"model": "auth.permission", "pk": 59, "fields": {"name": "Can delete book mark", "content_type": 15, "codename": "delete_bookmark"}}, {"model": "auth.permission", "pk": 60, "fields": {"name": "Can view book mark", "content_type": 15, "codename": "view_bookmark"}}, {"model": "auth.permission", "pk": 61, "fields": {"name": "Can add image", "content_type": 16, "codename": "add_image"}}, {"model": "auth.permission", "pk": 62, "fields": {"name": "Can change image", "content_type": 16, "codename": "change_image"}}, {"model": "auth.permission", "pk": 63, "fields": {"name": "Can delete image", "content_type": 16, "codename": "delete_image"}}, {"model": "auth.permission", "pk": 64, "fields": {"name": "Can view image", "content_type": 16, "codename": "view_image"}}, {"model": "auth.permission", "pk": 65, "fields": {"name": "Can add translate image", "content_type": 17, "codename": "add_translateimage"}}, {"model": "auth.permission", "pk": 66, "fields": {"name": "Can change translate image", "content_type": 17, "codename": "change_translateimage"}}, {"model": "auth.permission", "pk": 67, "fields": {"name": "Can delete translate image", "content_type": 17, "codename": "delete_translateimage"}}, {"model": "auth.permission", "pk": 68, "fields": {"name": "Can view translate image", "content_type": 17, "codename": "view_translateimage"}}, {"model": "auth.permission", "pk": 69, "fields": {"name": "Can add Token", "content_type": 18, "codename": "add_token"}}, {"model": "auth.permission", "pk": 70, "fields": {"name": "Can change Token", "content_type": 18, "codename": "change_token"}}, {"model": "auth.permission", "pk": 71, "fields": {"name": "Can delete Token", "content_type": 18, "codename": "delete_token"}}, {"model": "auth.permission", "pk": 72, "fields": {"name": "Can view Token", "content_type": 18, "codename": "view_token"}}, {"model": "auth.permission", "pk": 73, "fields": {"name": "Can add token", "content_type": 19, "codename": "add_tokenproxy"}}, {"model": "auth.permission", "pk": 74, "fields": {"name": "Can change token", "content_type": 19, "codename": "change_tokenproxy"}}, {"model": "auth.permission", "pk": 75, "fields": {"name": "Can delete token", "content_type": 19, "codename": "delete_tokenproxy"}}, {"model": "auth.permission", "pk": 76, "fields": {"name": "Can view token", "content_type": 19, "codename": "view_tokenproxy"}}, {"model": "contenttypes.contenttype", "pk": 1, "fields": {"app_label": "admin", "model": "logentry"}}, {"model": "contenttypes.contenttype", "pk": 2, "fields": {"app_label": "auth", "model": "permission"}}, {"model": "contenttypes.contenttype", "pk": 3, "fields": {"app_label": "auth", "model": "group"}}, {"model": "contenttypes.contenttype", "pk": 4, "fields": {"app_label": "contenttypes", "model": "contenttype"}}, {"model": "contenttypes.contenttype", "pk": 5, "fields": {"app_label": "sessions", "model": "session"}}, {"model": "contenttypes.contenttype", "pk": 6, "fields": {"app_label": "custom_user", "model": "user"}}, {"model": "contenttypes.contenttype", "pk": 7, "fields": {"app_label": "registration", "model": "registration"}}, {"model": "contenttypes.contenttype", "pk": 8, "fields": {"app_label": "Cities", "model": "category"}}, {"model": "contenttypes.contenttype", "pk": 9, "fields": {"app_label": "Cities", "model": "city"}}, {"model": "contenttypes.contenttype", "pk": 10, "fields": {"app_label": "Cities", "model": "information"}}, {"model": "contenttypes.contenttype", "pk": 11, "fields": {"app_label": "Cities", "model": "subcategory"}}, {"model": "contenttypes.contenttype", "pk": 12, "fields": {"app_label": "teamMember", "model": "teammember"}}, {"model": "contenttypes.contenttype", "pk": 13, "fields": {"app_label": "teamMember", "model": "image"}}, {"model": "contenttypes.contenttype", "pk": 14, "fields": {"app_label": "teamMembers", "model": "teammembers"}}, {"model": "contenttypes.contenttype", "pk": 15, "fields": {"app_label": "bookmark", "model": "bookmark"}}, {"model": "contenttypes.contenttype", "pk": 16, "fields": {"app_label": "image", "model": "image"}}, {"model": "contenttypes.contenttype", "pk": 17, "fields": {"app_label": "Translation", "model": "translateimage"}}, {"model": "contenttypes.contenttype", "pk": 18, "fields": {"app_label": "authtoken", "model": "token"}}, {"model": "contenttypes.contenttype", "pk": 19, "fields": {"app_label": "authtoken", "model": "tokenproxy"}}, {"model": "sessions.session", "pk": "4btvh7myqg2dlpsdlrd3w3mtv1id633k", "fields": {"session_data": ".eJxVjMsOwiAUBf-FtSFAES4u3fsNDfehVA0kpV0Z_12bdKHbMzPnpca8LmVcu8zjxOqkrDr8bpjpIXUDfM_11jS1uswT6k3RO-360lie5939Oyi5l28NLgRLFhMgs5UIYsAZjIkAjTchogMiQ-zdkB3y1Sd0BqyQHIdIrN4f2H039w:1pxpzc:7DTkGS7LvaIND9dFuQCyGRpaIwm28QhOgpUS1zxYnZI", "expire_date": "2023-05-27T14:13:04.538Z"}}, {"model": "sessions.session", "pk": "e751sg4fvygv3b2bydn9a6p3uyw9fmjv", "fields": {"session_data": ".eJxVjMsOwiAUBf-FtSFAES4u3fsNDfehVA0kpV0Z_12bdKHbMzPnpca8LmVcu8zjxOqkrDr8bpjpIXUDfM_11jS1uswT6k3RO-360lie5939Oyi5l28NLgRLFhMgs5UIYsAZjIkAjTchogMiQ-zdkB3y1Sd0BqyQHIdIrN4f2H039w:1qUWkz:fj8MRVRXoTPmR99tAaJvjy3YFkhW_SxcUHvtyRMwlbg", "expire_date": "2023-08-25T18:21:05.434Z"}}, {"model": "sessions.session", "pk": "gr107szou6scbjz47l8tb4r33j9v7t7r", "fields": {"session_data": ".eJxVjMsOwiAUBf-FtSFAES4u3fsNDfehVA0kpV0Z_12bdKHbMzPnpca8LmVcu8zjxOqkrDr8bpjpIXUDfM_11jS1uswT6k3RO-360lie5939Oyi5l28NLgRLFhMgs5UIYsAZjIkAjTchogMiQ-zdkB3y1Sd0BqyQHIdIrN4f2H039w:1qEGU2:cJNSFDYMIHP_Xr6G79QSRAvYK9GG9HlGnzjwGj7BALc", "expire_date": "2023-07-11T21:44:22.653Z"}}, {"model": "sessions.session", "pk": "jhoxblholfd901nepe17nl43ib9d093x", "fields": {"session_data": ".eJxVjDsOwjAQBe_iGln-20tJzxmsXa-FA8iR4qRC3B0ipYD2zcx7iYzb2vI26pInFmehQZx-R8LyqH0nfMd-m2WZ-7pMJHdFHnTI68z1eTncv4OGo33rgJYDYMWoTHBGO0_EKYED1sEAFUMuQk3Fgirk2TpQNqH1EYsN2ov3B_jaN1I:1qFMEB:qwD9VJ3hINO6Z5kU3U3H1OPINMpdUGmpdPnc_DueeeI", "expire_date": "2023-07-14T22:04:31.162Z"}}, {"model": "sessions.session", "pk": "qqhmcwsqzuh5t6sq0jz972g93nbmgjjx", "fields": {"session_data": ".eJxVjMsOwiAQRf-FtSHlDS7d-w2EYQapGkhKuzL-uzbpQrf3nHNfLKZtrXEbtMQZ2Zlpw06_I6T8oLYTvKd26zz3ti4z8F3hBx382pGel8P9O6hp1G9tg5faKIdJeClsIWtKcV5BDmTkpEJAYdFDBum0pOyyNpO3woCnoKRi7w_rwzc3:1qOlMj:wADzlZxvLVnBpA--vhZuh1seEFnx7HCpFrZjvCSFGfU", "expire_date": "2023-08-09T20:44:13.288Z"}}, {"model": "sessions.session", "pk": "seefmpv0rumyfdy9yon08gzeiojrp5mb", "fields": {"session_data": ".eJxVjLEOwyAQQ_-FuUKkCZzSsXu_AXHcXUhbgRSSqeq_l0gZmsmyn-2P8mFbk98qL34mdVPWqMt_iCG-OO-EniFPRceS12VGvVf0Qat-FOL3_eieDlKoqa07Z6MFcEKAwyi2hx5IxBruZBQHIEEwwtUwOWpmYEYxHBnBQBP1_QEejDmo:1qVFTp:7MpG8vWgXwzm5FOcUdvsRDILsYIHNeQt6ls-7sCTV8Y", "expire_date": "2023-08-27T18:06:21.855Z"}}, {"model": "sessions.session", "pk": "xdp7ut2sebmij4bi7eh0pksw43uy1t0f", "fields": {"session_data": ".eJxVjDsOwjAQBe_iGlmxHf8o6TlDtPbu4gCypTipEHeHSCmgfTPzXmKCbS3T1mmZZhRnoYI4_Y4J8oPqTvAO9dZkbnVd5iR3RR60y2tDel4O9--gQC_f2gzRBFbOW0MxDI6sg-zHoD2T1ewTsmZEZQPEMTpQrAc2hlLmjKSdeH8A9OA4VA:1qAE0G:a6PaX7C_fMmdXJmN_sBIAnSwbljC-s2fzZXEz_hoj9o", "expire_date": "2023-06-30T18:16:56.863Z"}}, {"model": "sessions.session", "pk": "z5kl56e8ro4x7dpmxcw4dt9fp96eb7i1", "fields": {"session_data": ".eJxVjMsOwiAUBf-FtSFAES4u3fsNDfehVA0kpV0Z_12bdKHbMzPnpca8LmVcu8zjxOqkrDr8bpjpIXUDfM_11jS1uswT6k3RO-360lie5939Oyi5l28NLgRLFhMgs5UIYsAZjIkAjTchogMiQ-zdkB3y1Sd0BqyQHIdIrN4f2H039w:1qI7Pl:xioaHSy8P4i8D0JUveY_IeZEpiQeqqeM_jr-6HcknJc", "expire_date": "2023-07-22T12:51:53.915Z"}}, {"model": "Cities.city", "pk": 3, "fields": {"name": "Zurich", "image": "city_images/box_Zurich.png"}}, {"model": "Cities.city", "pk": 4, "fields": {"name": "Aargau", "image": "city_images/helloch-cantonbox_Aargau.png"}}, {"model": "Cities.city", "pk": 5, "fields": {"name": "Appenzell Ausserrhoden", "image": "city_images/helloch-cantonbox_AppenzellAusserrhoden.png"}}, {"model": "Cities.city", "pk": 6, "fields": {"name": "Appenzell Innerrhoden", "image": "city_images/helloch-cantonbox_AppenzellInnerrhoden.png"}}, {"model": "Cities.city", "pk": 7, "fields": {"name": "Basel-Landschaft", "image": "city_images/helloch-cantonbox_Basel-Landschaft.png"}}, {"model": "Cities.city", "pk": 8, "fields": {"name": "Basel-Stadt", "image": "city_images/helloch-cantonbox_Basel-Stadt.png"}}, {"model": "Cities.city", "pk": 9, "fields": {"name": "Bern", "image": "city_images/box_Bern.png"}}, {"model": "Cities.city", "pk": 10, "fields": {"name": "Glarus", "image": "city_images/helloch-cantonbox_Glarus.png"}}, {"model": "Cities.city", "pk": 11, "fields": {"name": "Graubünden", "image": "city_images/box_Graubunden.png"}}, {"model": "Cities.city", "pk": 12, "fields": {"name": "Luzern", "image": "city_images/box_Lucerne.png"}}, {"model": "Cities.city", "pk": 14, "fields": {"name": "Nidwalden", "image": "city_images/helloch-cantonbox_Nidwalden.png"}}, {"model": "Cities.city", "pk": 15, "fields": {"name": "Obwalden", "image": "city_images/helloch-cantonbox_Obwalden.png"}}, {"model": "Cities.city", "pk": 16, "fields": {"name": "Schaffhausen", "image": "city_images/helloch-cantonbox_Schaffhausen.png"}}, {"model": "Cities.city", "pk": 17, "fields": {"name": "Schwyz", "image": "city_images/helloch-cantonbox_Schwyz.png"}}, {"model": "Cities.city", "pk": 18, "fields": {"name": "Solothurn", "image": "city_images/helloch-cantonbox_Solothurn.png"}}, {"model": "Cities.city", "pk": 19, "fields": {"name": "St. Gallen", "image": "city_images/helloch-cantonbox_St._Gallen.png"}}, {"model": "Cities.city", "pk": 20, "fields": {"name": "Thurgau", "image": "city_images/helloch-cantonbox_Thurgau.png"}}, {"model": "Cities.city", "pk": 21, "fields": {"name": "Uri", "image": "city_images/helloch-cantonbox_Uri.png"}}, {"model": "Cities.city", "pk": 22, "fields": {"name": "Zug", "image": "city_images/helloch-cantonbox_Zug.png"}}, {"model": "Cities.category", "pk": 6, "fields": {"name": "Legal System & Immigration", "description": "immigration, legal, support, police", "city": 3, "image": "category_images/mainheader_Zurich_BEHU1z5.png", "icon": "balance-scale"}}, {"model": "Cities.category", "pk": 8, "fields": {"name": "Money & Banking", "description": "open a bank account, filling taxes", "city": 3, "image": "category_images/helloch-cantonmainheader_Zurich_n7fyhHI.png", "icon": "piggy-bank"}}, {"model": "Cities.category", "pk": 9, "fields": {"name": "Healthcare & insurance", "description": "medical system, find a doctor", "city": 3, "image": "category_images/helloch-cantonmainheader_Zurich_mtrgatt.png", "icon": "heartbeat"}}, {"model": "Cities.category", "pk": 10, "fields": {"name": "Employment", "description": "finding a job, working in Switzerland", "city": 3, "image": "category_images/helloch-cantonmainheader_Zurich_Va7nKTp.png", "icon": "briefcase"}}, {"model": "Cities.category", "pk": 11, "fields": {"name": "Housing", "description": "finding a place to rent or buy", "city": 3, "image": "category_images/helloch-cantonmainheader_Zurich_tfCV2Sn.png", "icon": "house-user"}}, {"model": "Cities.category", "pk": 12, "fields": {"name": "Legal System & Immigration", "description": "Immigration, legal, support, police", "city": 4, "image": "category_images/helloch-cantonmainheader_Aargau.png", "icon": "balance-scale"}}, {"model": "Cities.category", "pk": 14, "fields": {"name": "Money & Banking", "description": "open a bank account, filling taxes", "city": 4, "image": "category_images/helloch-cantonmainheader_Aargau_dOQTcXo.png", "icon": "piggy-bank"}}, {"model": "Cities.category", "pk": 15, "fields": {"name": "Healthcare & Insurance", "description": "Medical system, find a doctor", "city": 4, "image": "category_images/helloch-cantonmainheader_Aargau_o6DduZb.png", "icon": "heartbeat"}}, {"model": "Cities.category", "pk": 16, "fields": {"name": "Employment", "description": "finding a job, working in Switzerland", "city": 4, "image": "category_images/helloch-cantonmainheader_Aargau_ouz3ilL.png", "icon": "briefcase"}}, {"model": "Cities.category", "pk": 17, "fields": {"name": "Housing", "description": "Finding a place to rent or buy", "city": 4, "image": "category_images/helloch-cantonmainheader_Aargau_OaAdFQU.png", "icon": "house-user"}}, {"model": "Cities.category", "pk": 18, "fields": {"name": "Legal System & Immigration", "description": "Immigration, legal, support, police", "city": 5, "image": "category_images/helloch-cantonmainheader_AppenzellAusserrhoden.png", "icon": "balance-scale"}}, {"model": "Cities.category", "pk": 20, "fields": {"name": "Money & Banking", "description": "open a bank account, filling taxes", "city": 5, "image": "category_images/helloch-cantonmainheader_AppenzellAusserrhoden_3rz1g89.png", "icon": "piggy-bank"}}, {"model": "Cities.category", "pk": 21, "fields": {"name": "Healthcare & Insurance", "description": "Medical system, find a doctor", "city": 5, "image": "category_images/helloch-cantonmainheader_AppenzellAusserrhoden_W4TAv8y.png", "icon": "heartbeat"}}, {"model": "Cities.category", "pk": 22, "fields": {"name": "Employment", "description": "finding a job, working in Switzerland", "city": 5, "image": "category_images/helloch-cantonmainheader_AppenzellAusserrhoden_9xXBvu4.png", "icon": "briefcase"}}, {"model": "Cities.category", "pk": 23, "fields": {"name": "Housing", "description": "Finding a place to rent or buy", "city": 5, "image": "category_images/helloch-cantonmainheader_AppenzellAusserrhoden_25toyDY.png", "icon": "house-user"}}, {"model": "Cities.category", "pk": 24, "fields": {"name": "Legal System & Immigration", "description": "Immigration, legal, support, police", "city": 6, "image": "category_images/helloch-cantonmainheader_AppenzellInnerrhoden.png", "icon": "balance-scale"}}, {"model": "Cities.category", "pk": 26, "fields": {"name": "Money & Banking", "description": "open a bank account, filling taxes", "city": 6, "image": "category_images/helloch-cantonmainheader_AppenzellInnerrhoden_AhX8AT7.png", "icon": "piggy-bank"}}, {"model": "Cities.category", "pk": 27, "fields": {"name": "Healthcare & Insurance", "description": "Medical system, find a doctor", "city": 6, "image": "category_images/helloch-cantonmainheader_AppenzellInnerrhoden_EcpYXpH.png", "icon": "heartbeat"}}, {"model": "Cities.category", "pk": 28, "fields": {"name": "Employment", "description": "finding a job, working in Switzerland", "city": 6, "image": "category_images/helloch-cantonmainheader_AppenzellInnerrhoden_SL6Nn8T.png", "icon": "briefcase"}}, {"model": "Cities.category", "pk": 29, "fields": {"name": "Housing", "description": "Finding a place to rent or buy", "city": 6, "image": "category_images/helloch-cantonmainheader_AppenzellInnerrhoden_mkmvKgn.png", "icon": "house-user"}}, {"model": "Cities.category", "pk": 30, "fields": {"name": "Legal System & Immigration", "description": "Immigration, legal, support, police", "city": 7, "image": "category_images/helloch-cantonmainheader_Basel-Landschaft.png", "icon": "balance-scale"}}, {"model": "Cities.category", "pk": 32, "fields": {"name": "Money & Banking", "description": "open a bank account, filling taxes", "city": 7, "image": "category_images/helloch-cantonmainheader_Basel-Landschaft_TTV4Nan.png", "icon": "piggy-bank"}}, {"model": "Cities.category", "pk": 33, "fields": {"name": "Healthcare & Insurance", "description": "Medical system, find a doctor", "city": 7, "image": "category_images/helloch-cantonmainheader_Basel-Landschaft_mo3o9nE.png", "icon": "heartbeat"}}, {"model": "Cities.category", "pk": 34, "fields": {"name": "Employment", "description": "finding a job, working in Switzerland", "city": 7, "image": "category_images/helloch-cantonmainheader_Basel-Landschaft_dZUU9zZ.png", "icon": "briefcase"}}, {"model": "Cities.category", "pk": 35, "fields": {"name": "Housing", "description": "Finding a place to rent or buy", "city": 7, "image": "category_images/helloch-cantonmainheader_Basel-Landschaft_vl6riqq.png", "icon": "house-user"}}, {"model": "Cities.category", "pk": 36, "fields": {"name": "Legal System & Immigration", "description": "Immigration, legal, support, police", "city": 8, "image": "category_images/helloch-cantonmainheader_Basel-Stadt_qbdDfUi.png", "icon": "balance-scale"}}, {"model": "Cities.category", "pk": 38, "fields": {"name": "Money & Banking", "description": "open a bank account, filling taxes", "city": 8, "image": "category_images/helloch-cantonmainheader_Basel-Stadt_xF24AAT.png", "icon": "piggy-bank"}}, {"model": "Cities.category", "pk": 39, "fields": {"name": "Healthcare & Insurance", "description": "Medical system, find a doctor", "city": 8, "image": "category_images/helloch-cantonmainheader_Basel-Stadt_KnJVRa5.png", "icon": "heartbeat"}}, {"model": "Cities.category", "pk": 40, "fields": {"name": "Employment", "description": "finding a job, working in Switzerland", "city": 8, "image": "category_images/helloch-cantonmainheader_Basel-Stadt_7LvQQHa.png", "icon": "briefcase"}}, {"model": "Cities.category", "pk": 41, "fields": {"name": "Housing", "description": "Finding a place to rent or buy", "city": 8, "image": "category_images/helloch-cantonmainheader_Basel-Stadt_5IhlvLB.png", "icon": "house-user"}}, {"model": "Cities.category", "pk": 42, "fields": {"name": "Legal System & Immigration", "description": "Immigration, legal, support, police", "city": 9, "image": "category_images/mainheader_Bern.png", "icon": "balance-scale"}}, {"model": "Cities.category", "pk": 44, "fields": {"name": "Money & Banking", "description": "open a bank account, filling taxes", "city": 9, "image": "category_images/mainheader_Graubunden_mj0zXTS.png", "icon": "piggy-bank"}}, {"model": "Cities.category", "pk": 45, "fields": {"name": "Healthcare & Insurance", "description": "Medical system, find a doctor", "city": 9, "image": "category_images/mainheader_Bern_GqYYB3Y.png", "icon": "heartbeat"}}, {"model": "Cities.category", "pk": 46, "fields": {"name": "Employment", "description": "finding a job, working in Switzerland", "city": 9, "image": "category_images/mainheader_Bern_wZrdjfy.png", "icon": "briefcase"}}, {"model": "Cities.category", "pk": 47, "fields": {"name": "Housing", "description": "Finding a place to rent or buy", "city": 9, "image": "category_images/mainheader_Bern_CO3mgMP.png", "icon": "house-user"}}, {"model": "Cities.category", "pk": 48, "fields": {"name": "Legal System & Immigration", "description": "Immigration, legal, support, police", "city": 10, "image": "category_images/helloch-cantonmainheader_Glarus.png", "icon": "balance-scale"}}, {"model": "Cities.category", "pk": 50, "fields": {"name": "Money & Banking", "description": "open a bank account, filling taxes", "city": 10, "image": "category_images/helloch-cantonmainheader_Glarus_rRwU3Fl.png", "icon": "piggy-bank"}}, {"model": "Cities.category", "pk": 51, "fields": {"name": "Healthcare & Insurance", "description": "Medical system, find a doctor", "city": 10, "image": "category_images/helloch-cantonmainheader_Glarus_R33SD1S.png", "icon": "heartbeat"}}, {"model": "Cities.category", "pk": 52, "fields": {"name": "Employment", "description": "finding a job, working in Switzerland", "city": 10, "image": "category_images/helloch-cantonmainheader_Glarus_b42idN6.png", "icon": "briefcase"}}, {"model": "Cities.category", "pk": 53, "fields": {"name": "Housing", "description": "Finding a place to rent or buy", "city": 10, "image": "category_images/helloch-cantonmainheader_Glarus_pTStLYD.png", "icon": "house-user"}}, {"model": "Cities.category", "pk": 54, "fields": {"name": "Legal System & Immigration", "description": "Immigration, legal, support, police", "city": 11, "image": "category_images/mainheader_Graubunden.png", "icon": "balance-scale"}}, {"model": "Cities.category", "pk": 56, "fields": {"name": "Money & Banking", "description": "open a bank account, filling taxes", "city": 11, "image": "category_images/mainheader_Graubunden_bvnUK5p.png", "icon": "piggy-bank"}}, {"model": "Cities.category", "pk": 57, "fields": {"name": "Healthcare & Insurance", "description": "Medical system, find a doctor", "city": 11, "image": "category_images/mainheader_Graubunden_JZjAzAz.png", "icon": "heartbeat"}}, {"model": "Cities.category", "pk": 58, "fields": {"name": "Employment", "description": "finding a job, working in Switzerland", "city": 11, "image": "category_images/mainheader_Graubunden_OeVowP2.png", "icon": "briefcase"}}, {"model": "Cities.category", "pk": 59, "fields": {"name": "Housing", "description": "Finding a place to rent or buy", "city": 11, "image": "category_images/mainheader_Graubunden_XiVQbK3.png", "icon": "house-user"}}, {"model": "Cities.category", "pk": 60, "fields": {"name": "Legal System & Immigration", "description": "Immigration, legal, support, police", "city": 12, "image": "category_images/mainheader_Lucerne.png", "icon": "balance-scale"}}, {"model": "Cities.category", "pk": 62, "fields": {"name": "Money & Banking", "description": "open a bank account, filling taxes", "city": 12, "image": "category_images/mainheader_Lucerne_GbsUBRi.png", "icon": "piggy-bank"}}, {"model": "Cities.category", "pk": 63, "fields": {"name": "Healthcare & Insurance", "description": "Medical system, find a doctor", "city": 12, "image": "category_images/mainheader_Lucerne_1ZbxzIK.png", "icon": "heartbeat"}}, {"model": "Cities.category", "pk": 64, "fields": {"name": "Employment", "description": "finding a job, working in Switzerland", "city": 12, "image": "category_images/mainheader_Lucerne_BFeEbgv.png", "icon": "briefcase"}}, {"model": "Cities.category", "pk": 65, "fields": {"name": "Housing", "description": "Finding a place to rent or buy", "city": 12, "image": "category_images/mainheader_Lucerne_FNE3pcY.png", "icon": "house-user"}}, {"model": "Cities.category", "pk": 66, "fields": {"name": "Legal System & Immigration", "description": "immigration, legal, support, police", "city": 14, "image": "category_images/helloch-cantonmainheader_Nidwalden.png", "icon": "balance-scale"}}, {"model": "Cities.category", "pk": 68, "fields": {"name": "Money & Banking", "description": "open a bank account, filling taxes", "city": 14, "image": "category_images/helloch-cantonmainheader_Nidwalden_5mGcPf3.png", "icon": "piggy-bank"}}, {"model": "Cities.category", "pk": 69, "fields": {"name": "Healthcare & Insurance", "description": "medical system, find a doctor", "city": 14, "image": "category_images/helloch-cantonmainheader_Nidwalden_gtqTbSW.png", "icon": "heartbeat"}}, {"model": "Cities.category", "pk": 70, "fields": {"name": "Employment", "description": "finding a job, working in Switzerland", "city": 14, "image": "category_images/helloch-cantonmainheader_Nidwalden_TIpANfo.png", "icon": "briefcase"}}, {"model": "Cities.category", "pk": 71, "fields": {"name": "Housing", "description": "finding a place to rent or buy", "city": 14, "image": "category_images/helloch-cantonmainheader_Nidwalden_F0uiSXW.png", "icon": "house-user"}}, {"model": "Cities.category", "pk": 72, "fields": {"name": "Legal System & Immigration", "description": "Immigration, legal, support, police", "city": 15, "image": "category_images/helloch-cantonmainheader_Obwalden.png", "icon": "balance-scale"}}, {"model": "Cities.category", "pk": 74, "fields": {"name": "Money & Banking", "description": "open a bank account, filling taxes", "city": 15, "image": "category_images/helloch-cantonmainheader_Obwalden_cbaL1mp.png", "icon": "piggy-bank"}}, {"model": "Cities.category", "pk": 75, "fields": {"name": "Healthcare & Insurance", "description": "Medical system, find a doctor", "city": 15, "image": "category_images/helloch-cantonmainheader_Obwalden_ra2t9Pu.png", "icon": "heartbeat"}}, {"model": "Cities.category", "pk": 76, "fields": {"name": "Employment", "description": "finding a job, working in Switzerland", "city": 15, "image": "category_images/helloch-cantonmainheader_Obwalden_j0F5UqJ.png", "icon": "briefcase"}}, {"model": "Cities.category", "pk": 77, "fields": {"name": "Housing", "description": "Finding a place to rent or buy", "city": 15, "image": "category_images/helloch-cantonmainheader_Obwalden_4VuyOaD.png", "icon": "house-user"}}, {"model": "Cities.category", "pk": 78, "fields": {"name": "Legal System & Immigration", "description": "Immigration, legal, support, police", "city": 16, "image": "category_images/helloch-cantonmainheader_Schaffhausen.png", "icon": "balance-scale"}}, {"model": "Cities.category", "pk": 80, "fields": {"name": "Money & Banking", "description": "open a bank account, filling taxes", "city": 16, "image": "category_images/helloch-cantonmainheader_Schaffhausen_qQIsrt1.png", "icon": "piggy-bank"}}, {"model": "Cities.category", "pk": 81, "fields": {"name": "Healthcare & Insurance", "description": "Medical system, find a doctor", "city": 16, "image": "category_images/helloch-cantonmainheader_Schaffhausen_QAxBB2U.png", "icon": "heartbeat"}}, {"model": "Cities.category", "pk": 82, "fields": {"name": "Employment", "description": "finding a job, working in Switzerland", "city": 16, "image": "category_images/helloch-cantonmainheader_Schaffhausen_wXlLTw4.png", "icon": "briefcase"}}, {"model": "Cities.category", "pk": 83, "fields": {"name": "Housing", "description": "Finding a place to rent or buy", "city": 16, "image": "category_images/helloch-cantonmainheader_Schaffhausen_piruGJw.png", "icon": "house-user"}}, {"model": "Cities.category", "pk": 84, "fields": {"name": "Legal System & Immigration", "description": "Immigration, legal, support, police", "city": 17, "image": "category_images/helloch-cantonmainheader_Schwyz.png", "icon": "balance-scale"}}, {"model": "Cities.category", "pk": 86, "fields": {"name": "Money & Banking", "description": "open a bank account, filling taxes", "city": 17, "image": "category_images/helloch-cantonmainheader_Schwyz_xBFWHFP.png", "icon": "piggy-bank"}}, {"model": "Cities.category", "pk": 87, "fields": {"name": "Healthcare & Insurance", "description": "Medical system, find a doctor", "city": 17, "image": "category_images/helloch-cantonmainheader_Schwyz_Jxug8uy.png", "icon": "heartbeat"}}, {"model": "Cities.category", "pk": 88, "fields": {"name": "Employment", "description": "finding a job, working in Switzerland", "city": 17, "image": "category_images/helloch-cantonmainheader_Schwyz_Cq1AlBP.png", "icon": "briefcase"}}, {"model": "Cities.category", "pk": 89, "fields": {"name": "Housing", "description": "Finding a place to rent or buy", "city": 17, "image": "category_images/helloch-cantonmainheader_Schwyz_ejymHYj.png", "icon": "house-user"}}, {"model": "Cities.category", "pk": 90, "fields": {"name": "Legal System & Immigration", "description": "Immigration, legal, support, police", "city": 18, "image": "category_images/helloch-cantonmainheader_Solothurn.png", "icon": "balance-scale"}}, {"model": "Cities.category", "pk": 92, "fields": {"name": "Money & Banking", "description": "open a bank account, filling taxes", "city": 18, "image": "category_images/helloch-cantonmainheader_Solothurn_G2Au4hC.png", "icon": "piggy-bank"}}, {"model": "Cities.category", "pk": 93, "fields": {"name": "Healthcare & Insurance", "description": "Medical system, find a doctor", "city": 18, "image": "category_images/helloch-cantonmainheader_Solothurn_JhWi6Ih.png", "icon": "heartbeat"}}, {"model": "Cities.category", "pk": 94, "fields": {"name": "Employment", "description": "finding a job, working in Switzerland", "city": 18, "image": "category_images/helloch-cantonmainheader_Solothurn_IyoxiFR.png", "icon": "briefcase"}}, {"model": "Cities.category", "pk": 95, "fields": {"name": "Housing", "description": "Finding a place to rent or buy", "city": 18, "image": "category_images/helloch-cantonmainheader_Solothurn_GLSaRt8.png", "icon": "house-user"}}, {"model": "Cities.category", "pk": 96, "fields": {"name": "Legal System & Immigration", "description": "Immigration, legal, support, police", "city": 19, "image": "category_images/helloch-cantonmainheader_St._Gallen.png", "icon": "balance-scale"}}, {"model": "Cities.category", "pk": 98, "fields": {"name": "Money & Banking", "description": "open a bank account, filling taxes", "city": 19, "image": "category_images/helloch-cantonmainheader_St._Gallen_p5hXSjA.png", "icon": "piggy-bank"}}, {"model": "Cities.category", "pk": 99, "fields": {"name": "Healthcare & Insurance", "description": "Medical system, find a doctor", "city": 19, "image": "category_images/helloch-cantonmainheader_St._Gallen_EytSKCO.png", "icon": "heartbeat"}}, {"model": "Cities.category", "pk": 100, "fields": {"name": "Employment", "description": "finding a job, working in Switzerland", "city": 19, "image": "category_images/helloch-cantonmainheader_St._Gallen_YRMWmE5.png", "icon": "briefcase"}}, {"model": "Cities.category", "pk": 101, "fields": {"name": "Housing", "description": "Finding a place to rent or buy", "city": 19, "image": "category_images/helloch-cantonmainheader_St._Gallen_zQPCSXc.png", "icon": "house-user"}}, {"model": "Cities.category", "pk": 102, "fields": {"name": "Legal System & Immigration", "description": "Immigration, legal, support, police", "city": 20, "image": "category_images/helloch-cantonmainheader_Thurgau.png", "icon": "balance-scale"}}, {"model": "Cities.category", "pk": 104, "fields": {"name": "Money & Banking", "description": "open a bank account, filling taxes", "city": 20, "image": "category_images/helloch-cantonmainheader_Thurgau_hP6jS7R.png", "icon": "piggy-bank"}}, {"model": "Cities.category", "pk": 105, "fields": {"name": "Healthcare & Insurance", "description": "Medical system, find a doctor", "city": 20, "image": "category_images/helloch-cantonmainheader_Thurgau_rm84hMV.png", "icon": "heartbeat"}}, {"model": "Cities.category", "pk": 106, "fields": {"name": "Employment", "description": "finding a job, working in Switzerland", "city": 20, "image": "category_images/helloch-cantonmainheader_Thurgau_9Vfj5yI.png", "icon": "briefcase"}}, {"model": "Cities.category", "pk": 107, "fields": {"name": "Housing", "description": "Finding a place to rent or buy", "city": 20, "image": "category_images/helloch-cantonmainheader_Thurgau_khs4cKy.png", "icon": "house-user"}}, {"model": "Cities.category", "pk": 108, "fields": {"name": "Legal System & Immigration", "description": "Immigration, legal, support, police", "city": 21, "image": "category_images/helloch-cantonmainheader_Uri.png", "icon": "balance-scale"}}, {"model": "Cities.category", "pk": 110, "fields": {"name": "Money & Banking", "description": "open a bank account, filling taxes", "city": 21, "image": "category_images/helloch-cantonmainheader_Uri_IUox2LH.png", "icon": "piggy-bank"}}, {"model": "Cities.category", "pk": 111, "fields": {"name": "Healthcare & Insurance", "description": "Medical system, find a doctor", "city": 21, "image": "category_images/helloch-cantonmainheader_Uri_fbgybuT.png", "icon": "heartbeat"}}, {"model": "Cities.category", "pk": 112, "fields": {"name": "Employment", "description": "finding a job, working in Switzerland", "city": 21, "image": "category_images/helloch-cantonmainheader_Uri_WeKhQyN.png", "icon": "briefcase"}}, {"model": "Cities.category", "pk": 113, "fields": {"name": "Housing", "description": "Finding a place to rent or buy", "city": 21, "image": "category_images/helloch-cantonmainheader_Uri_JTVOEXC.png", "icon": "house-user"}}, {"model": "Cities.category", "pk": 114, "fields": {"name": "Legal System & Immigration", "description": "immigration, legal support, police", "city": 22, "image": "category_images/helloch-cantonmainheader_Zug.png", "icon": "balance-scale"}}, {"model": "Cities.category", "pk": 116, "fields": {"name": "Money & Banking", "description": "open a bank account, filling taxes", "city": 22, "image": "category_images/helloch-cantonmainheader_Zug_6u1zXU5.png", "icon": "piggy-bank"}}, {"model": "Cities.category", "pk": 117, "fields": {"name": "Healthcare & Insurance", "description": "medical system, find a doctor", "city": 22, "image": "category_images/helloch-cantonmainheader_Zug_mitymGz.png", "icon": "heartbeat"}}, {"model": "Cities.category", "pk": 118, "fields": {"name": "Employment", "description": "finding a job, working in Switzerland", "city": 22, "image": "category_images/helloch-cantonmainheader_Zug_SdMRm7F.png", "icon": "briefcase"}}, {"model": "Cities.category", "pk": 119, "fields": {"name": "Housing", "description": "finding a place to rent or buy", "city": 22, "image": "category_images/helloch-cantonmainheader_Zug_ieXLZ1c.png", "icon": "house-user"}}, {"model": "Cities.subcategory", "pk": 3, "fields": {"title": "Open a bank account", "category": 8, "image": "category_images/contentheader_Zurich_81Ns9vq.png"}}, {"model": "Cities.subcategory", "pk": 4, "fields": {"title": "Healthcare Costs and Billing", "category": 9, "image": "category_images/contentheader_Zurich_7xRthZl.png"}}, {"model": "Cities.subcategory", "pk": 5, "fields": {"title": "Rent an apartment", "category": 11, "image": "category_images/contentheader_Zurich_eoa4wVw.png"}}, {"model": "Cities.subcategory", "pk": 6, "fields": {"title": "Immigration Laws and Regulations", "category": 6, "image": "category_images/contentheader_Zurich_V9JSloR.png"}}, {"model": "Cities.subcategory", "pk": 7, "fields": {"title": "Finding a job", "category": 10, "image": "category_images/contentheader_Zurich_wpSJqok.png"}}, {"model": "Cities.subcategory", "pk": 10, "fields": {"title": "How to do your taxes", "category": 8, "image": "category_images/contentheader_Zurich_8zTkjZb.png"}}, {"model": "Cities.subcategory", "pk": 11, "fields": {"title": "Taxes", "category": 8, "image": "category_images/contentheader_Zurich_x33qOU7.png"}}, {"model": "Cities.subcategory", "pk": 12, "fields": {"title": "Transferring Money Abroad", "category": 8, "image": "category_images/contentheader_Zurich_XvK5h7N.png"}}, {"model": "Cities.subcategory", "pk": 13, "fields": {"title": "Loans & Mortgages", "category": 8, "image": "category_images/contentheader_Zurich_ODkc2Wu.png"}}, {"model": "Cities.subcategory", "pk": 14, "fields": {"title": "Pension System", "category": 8, "image": ""}}, {"model": "Cities.subcategory", "pk": 15, "fields": {"title": "Cash Transactions", "category": 8, "image": "category_images/contentheader_Zurich_yXB0PPk.png"}}, {"model": "Cities.subcategory", "pk": 16, "fields": {"title": "Setting a Budget", "category": 8, "image": "category_images/contentheader_Zurich_E9rzvJs.png"}}, {"model": "Cities.subcategory", "pk": 17, "fields": {"title": "Digital Banking & Fintech", "category": 8, "image": "category_images/contentheader_Zurich_zzgP5Wb.png"}}, {"model": "Cities.subcategory", "pk": 18, "fields": {"title": "Debit & Credit Cards", "category": 8, "image": "category_images/contentheader_Zurich_82Dz6Ng.png"}}, {"model": "Cities.subcategory", "pk": 19, "fields": {"title": "Find an apartment", "category": 11, "image": "category_images/contentheader_Zurich_JCqfiqh.png"}}, {"model": "Cities.subcategory", "pk": 20, "fields": {"title": "Buy an apartment", "category": 11, "image": "category_images/contentheader_Zurich_aEeFS4w.png"}}, {"model": "Cities.subcategory", "pk": 21, "fields": {"title": "Temporary accommodation", "category": 11, "image": "category_images/contentheader_Zurich_kFvJubZ.png"}}, {"model": "Cities.subcategory", "pk": 23, "fields": {"title": "Home Insurance and Safety", "category": 11, "image": "category_images/contentheader_Zurich_8Lh5GmG.png"}}, {"model": "Cities.subcategory", "pk": 24, "fields": {"title": "Home Maintenance and Utilities", "category": 11, "image": "category_images/contentheader_Zurich_r7A8Ek7.png"}}, {"model": "Cities.subcategory", "pk": 25, "fields": {"title": "Shared Housing and Roommates", "category": 11, "image": "category_images/contentheader_Zurich_YFwCfiu.png"}}, {"model": "Cities.subcategory", "pk": 27, "fields": {"title": "Furniture and Home Essentials", "category": 11, "image": "category_images/contentheader_Zurich_dflIO0m.png"}}, {"model": "Cities.subcategory", "pk": 28, "fields": {"title": "Affordable Housing Options", "category": 11, "image": "category_images/contentheader_Zurich_aLIIRJp.png"}}, {"model": "Cities.subcategory", "pk": 29, "fields": {"title": "Tenant Rights", "category": 11, "image": "category_images/contentheader_Zurich_yTdDl7j.png"}}, {"model": "Cities.subcategory", "pk": 30, "fields": {"title": "Applying for Health Insurance", "category": 9, "image": "category_images/contentheader_Zurich_lj6ySkC.png"}}, {"model": "Cities.subcategory", "pk": 31, "fields": {"title": "Emergency and Urgent Care", "category": 9, "image": "category_images/contentheader_Zurich_mnKxUpk.png"}}, {"model": "Cities.subcategory", "pk": 32, "fields": {"title": "Health Insurance Options", "category": 9, "image": "category_images/contentheader_Zurich_0o8V9kn.png"}}, {"model": "Cities.subcategory", "pk": 33, "fields": {"title": "Choosing a Healthcare Provider", "category": 9, "image": "category_images/contentheader_Zurich_ct7D3cf.png"}}, {"model": "Cities.subcategory", "pk": 34, "fields": {"title": "Accessing Healthcare Services", "category": 9, "image": "category_images/contentheader_Zurich_O2Ajm2j.png"}}, {"model": "Cities.subcategory", "pk": 35, "fields": {"title": "Find Doctors & Specialists", "category": 9, "image": "category_images/contentheader_Zurich_SOXqsRk.png"}}, {"model": "Cities.subcategory", "pk": 36, "fields": {"title": "Mental Health and Well-being", "category": 9, "image": "category_images/contentheader_Zurich_XfSgAZ2.png"}}, {"model": "Cities.subcategory", "pk": 37, "fields": {"title": "Health & Travel Insurance", "category": 9, "image": "category_images/contentheader_Zurich_XThUV13.png"}}, {"model": "Cities.subcategory", "pk": 38, "fields": {"title": "Health Technology & Digital Services", "category": 9, "image": "category_images/contentheader_Zurich_7ZNFDb9.png"}}, {"model": "Cities.subcategory", "pk": 39, "fields": {"title": "Work Permits and Visa Requirements", "category": 10, "image": "category_images/contentheader_Zurich_8P7B4dG.png"}}, {"model": "Cities.subcategory", "pk": 40, "fields": {"title": "Employment Rights and Protections", "category": 10, "image": "category_images/contentheader_Zurich_xmfOIkp.png"}}, {"model": "Cities.subcategory", "pk": 41, "fields": {"title": "Job Search Strategies", "category": 10, "image": "category_images/contentheader_Zurich_PaooEu9.png"}}, {"model": "Cities.subcategory", "pk": 42, "fields": {"title": "Workplace Benefits and Insurance", "category": 10, "image": "category_images/contentheader_Zurich_IkHSpgw.png"}}, {"model": "Cities.subcategory", "pk": 43, "fields": {"title": "Workplace Integration and Support", "category": 10, "image": "category_images/contentheader_Zurich_etHdUnL.png"}}, {"model": "Cities.subcategory", "pk": 44, "fields": {"title": "Entrepreneurship", "category": 10, "image": "category_images/contentheader_Zurich_a39SDnC.png"}}, {"model": "Cities.subcategory", "pk": 45, "fields": {"title": "Self-Employment and Entrepreneurship", "category": 10, "image": "category_images/contentheader_Zurich_qrONJGN.png"}}, {"model": "Cities.subcategory", "pk": 46, "fields": {"title": "Career Development and Upskilling", "category": 10, "image": "category_images/contentheader_Zurich_PWb6rXr.png"}}, {"model": "Cities.subcategory", "pk": 47, "fields": {"title": "Job Interviews and Preparation", "category": 10, "image": "category_images/contentheader_Zurich_RXE4XCS.png"}}, {"model": "Cities.subcategory", "pk": 48, "fields": {"title": "Immigration Processes", "category": 6, "image": "category_images/contentheader_Zurich_Sk2EQOW.png"}}, {"model": "Cities.subcategory", "pk": 49, "fields": {"title": "Legal Rights and Protections", "category": 6, "image": "category_images/contentheader_Zurich_645Y4mH.png"}}, {"model": "Cities.subcategory", "pk": 50, "fields": {"title": "Legal System Overview", "category": 6, "image": "category_images/contentheader_Zurich_ICWOxjf.png"}}, {"model": "Cities.subcategory", "pk": 51, "fields": {"title": "Immigration Documentation", "category": 6, "image": "category_images/contentheader_Zurich_YWq8JhK.png"}}, {"model": "Cities.subcategory", "pk": 52, "fields": {"title": "Residence Application Process", "category": 6, "image": "category_images/contentheader_Zurich_Ejnx5F4.png"}}, {"model": "Cities.subcategory", "pk": 53, "fields": {"title": "Renewal and extension of residence", "category": 6, "image": "category_images/contentheader_Zurich_D9BzGfA.png"}}, {"model": "Cities.subcategory", "pk": 54, "fields": {"title": "Rights and Responsibilities", "category": 6, "image": "category_images/contentheader_Zurich_HRlXFKH.png"}}, {"model": "Cities.subcategory", "pk": 55, "fields": {"title": "Residence Permit Support Services", "category": 6, "image": "category_images/contentheader_Zurich_HK79YdF.png"}}, {"model": "Cities.subcategory", "pk": 56, "fields": {"title": "Overstaying & Violations", "category": 6, "image": "category_images/contentheader_Zurich_wSMQfMC.png"}}, {"model": "Cities.information", "pk": 4, "fields": {"title": "EU-EFTA-student-Open a bank account", "subtitle": "Open a bank account", "description": "descriptionOfInformation", "image": "information_images/contentheader_Zurich_dsuaeNd.png", "requiredDocuments": "[\"Valid Passport or National Identity Card\", \"Proof of Employment\", \"Proof of Residence\"]", "subcategory": 3}}, {"model": "Cities.information", "pk": 5, "fields": {"title": "EU-EFTA-student-How to do your taxes", "subtitle": "How to do your taxes", "description": "howToDoYourtaxesEUstudent", "image": "category_images/contentheader_Zurich_jnA5JBD.png", "requiredDocuments": "[\"proof of income\"]", "subcategory": 10}}, {"model": "Cities.information", "pk": 7, "fields": {"title": "EU-EFTA-employee-Open a bank account", "subtitle": "Open a bank account", "description": "openBankAccountEmployeeEU", "image": "category_images/box_Zurich.png", "requiredDocuments": "[\"Valid Passport or ID Card\", \"Proof of Residence\", \"Proof of Employment\", \"Foreign Tax Identification Number\"]", "subcategory": 3}}, {"model": "Cities.information", "pk": 8, "fields": {"title": "EU-EFTA-employee-How to do your taxes", "subtitle": "How to do your taxes", "description": "howToDoYourtaxesEUemployee", "image": "category_images/contentheader_Zurich_IBnH5jy.png", "requiredDocuments": "[\"passport\"]", "subcategory": 10}}, {"model": "teamMembers.teammembers", "pk": 1, "fields": {"profileImage": "profileImages/girl.jpg", "email": "esiouti@gmail.com", "name": "Anna Meyer", "location": "Zürich", "occupation": "Immigration consultant", "languageOne": "languages/ch.png", "languageTwo": "languages/gr.png", "languageThree": "languages/gb.png", "languageFour": "languages/de.png"}}, {"model": "teamMembers.teammembers", "pk": 3, "fields": {"profileImage": "profileImages/360_F_467636853_Hs8fMr0TucvHVkvO2q0sbksdKU4pdOSQ.jpg", "email": "Patrick@gmail.com", "name": "Patrick Müller", "location": "Winterthur", "occupation": "Lawyer", "languageOne": "languages/it.png", "languageTwo": "languages/gr_XSYBLyV.png", "languageThree": "languages/de_NCluGsE.png", "languageFour": "languages/es.png"}}, {"model": "teamMembers.teammembers", "pk": 4, "fields": {"profileImage": "profileImages/boy.jpg", "email": "John@gmail.com", "name": "Oliver derick", "location": "Luzern", "occupation": "Recruiter", "languageOne": "languages/de_xcdE6Jv.png", "languageTwo": "languages/ae.png", "languageThree": "languages/be.png", "languageFour": "languages/mf.png"}}]